old_name,new_name
Acca.lanuginosa_Daza.4526,
Acca.macrostema_Wood.10312,
Accara.elegans_Costa.670,
Accara.elegans_Vasconcelos.485,
Agonis.flexuosa_T17.02988.MR17.G4,
Algrizea.macrochlamys_Giulietti.1648,
Algrizea.macrochlamys_Urdampilleta.404,
Algrizea.minor_Faria.4157,
Allosyncarpia.ternata_Genome.KC180806,
Amomyrtella.guilii_Landrum.12253,
Amomyrtus.luma_RBGE.19961065,
Amomyrtus.meli_RBGE.19961083,
Angophora.costata_Genome.KC180805_MELU108350,
Archirhodomyrtus.beckleri_Wilson.sn,Archirhodomyrtus.beckleri_Wilson.sn_UNSW23517
Archirhodomyrtus.turbinata_Soewarto.11,
Austromyrtus.dulcis_Belsham.77,
Backhousia.subargentea_Wilson.UNSW22896,Backhousia.subargentea_Wilson.sn_UNSW22896
Blepharocalyx.eggersii_Vasconcelos.458,
Blepharocalyx.salicifolius_Costa.560,
Blepharocalyx.salicifolius_Faria.4195,
Blepharocalyx.salicifolius_Landrum.11232,
Blepharocalyx.salicifolius_Lucas.78,
Blepharocalyx.salicifolius_MelloSilva.1679,
Blepharocalyx.salicifolius_Negritto.927,
Callistemon.rigidus_Genome.MN794317,Melaleuca.linearis.var.linearis_Genome.MN794317
Calycolpus.australis_Faria.6269,
Calycolpus.calophyllus_Betancur.14498,
Calycolpus.cochleatus_Wurdack.5903,
Calycolpus.goetheanus_Vasconcelos.332,
Calycolpus.legrandii_Ibrahim.28,
Calycolpus.moritzianus_ParraO.480,
Calycorectes.ekmanii_Flickinger.46,
Calycorectes.moana_Flickinger.61,
Campomanesia.adamantium_Ibrahim.157,
Campomanesia.adamantium_Ibrahim.180,
Campomanesia.adamantium_Vasconcelos.474,
Campomanesia.aromatica_Ibrahim.140,
Campomanesia.cavalcantina_Ibrahim.197,
Campomanesia.cavalcantina_Ibrahim.206,
Campomanesia.costata_Ibrahim.187,
Campomanesia.dichotoma_Ibrahim.123,
Campomanesia.eugenioides.var.desertorum_Ibrahim.185,
Campomanesia.eugenioides.var.desertorum_Ibrahim.194,
Campomanesia.eugenioides.var.eugenioides_Ibrahim.204,
Campomanesia.guaviroba_Faria.3076,
Campomanesia.guaviroba_Lucas.201,
Campomanesia.guaviroba_Urdampilleta.362,
Campomanesia.guazumifolia_Belsham.M86,
Campomanesia.guazumifolia_Faria.3054,
Campomanesia.guazumifolia_Ibrahim.183,
Campomanesia.guazumifolia_JBRJ.343648,
Campomanesia.guazumifolia_Matos.918,
Campomanesia.ilhoensis_Ibrahim.122,
Campomanesia.laurifolia_Tuler.531,
Campomanesia.neriiflora_Ibrahim.176,
Campomanesia.pubescens_MelloSilva.1669,
Campomanesia.reitziana_Ibrahim.231,
Campomanesia.rhombea_Ibrahim.223,
Campomanesia.velutina_Vasconcelos.507,
Campomanesia.xanthocarpa_Blum.10.109,
Campomanesia.xanthocarpa_Costa.613,
Campomanesia.xanthocarpa_Ibrahim.170,
Chamguava.schippii_SantamariaAguilar.9833,
Cloezia.artensis_Wilson.7122,
Curitiba.prismatica_Lima.551,
Decaspermum.fruticosum_Vasconcelos.730,
Decaspermum.humile_Belsham.M82,
Decaspermum.vitisidae_Vasconcelos.729,
Eucalyptus.perriniana_Lucas.283,
Eucalyptus.tetragona_Udovicic.177,
Eugenia.abunan_PereiraSilva.16487,
Eugenia.acutata_Vasconcelos.506,
Eugenia.aff.adenocalyx_Giaretta.1441,
Eugenia.aff.ischnosceles_Faria.1223,
Eugenia.aff.moschata_Giaretta.1514,
Eugenia.aggregata_Genome.OP650216,Eugenia.involucrata_Genome.OP650216
Eugenia.altissima_Faria.2582,
Eugenia.anastomosans_Holst.9383,
Eugenia.angustissima_Vasconcelos.295,
Eugenia.angustissima_Vasconcelos.405,
Eugenia.arenosa_Mazine.1043,
Eugenia.armeniaca_Holst.9400,
Eugenia.astringens_Mazine.782,
Eugenia.aubletiana_Giaretta.1587,
Eugenia.aurata_Staggemeier.315,
Eugenia.axillaris_Flickinger.2015FTG9,
Eugenia.axillaris_Hamilton.553,
Eugenia.azuruensis_Faria.2642,
Eugenia.azuruensis_Faria.2646,
Eugenia.azuruensis_Faria.4186,
Eugenia.bacopari_Mazine.967,
Eugenia.bahiensis_Faria.4229,
Eugenia.batingabranca_Lucas.232,
Eugenia.beaurepairiana_Mazine.1008,
Eugenia.biflora_Flickinger.114,
Eugenia.biflora_Mazine.1075,
Eugenia.bimarginata_Mazine.469,
Eugenia.binata_Colletta.1208,
Eugenia.bissei_Gomez.sn,
Eugenia.bojeri_Page.32,
Eugenia.borinquensis_Flickinger.124,
Eugenia.borinquensis_MuscarellaErickson.0118735300,Eugenia.borinquensis_Muscarella.0118735300
Eugenia.brasiliensis_Genome.MN095407_private.garden,
Eugenia.brasiliensis_Lucas.126,
Eugenia.brongniartiana_Pillon.176,
Eugenia.bullata_Vasconcelos.608,
Eugenia.bunchosiifolia_Faria.2513,
Eugenia.bunchosiifolia_Vasconcelos.466,
Eugenia.burretii_Vasconcelos.588,
Eugenia.buxifolia_Wilson.10740,
Eugenia.calcadensis_DharmarErkings.sn,Eugenia.calcadensis_Erkings.sn
Eugenia.caloneura_Lucas.1160,
Eugenia.capensis_vanWyk.12723,
Eugenia.capparidifolia_Mazine.845,
Eugenia.cati_Gomez.sn,
Eugenia.catingiflora_Oviedo.sn,
Eugenia.cerasiflora_Urban.PRU092792,Eugenia.cerasiflora_Urban.sn_PRU092792
Eugenia.cerasiflora_Vasconcelos.419,
Eugenia.cereja_Gressler.92L,
Eugenia.cf.eggersii_Flickinger.77,
Eugenia.cf.ligustroides_Gomez.sn,
Eugenia.chiquitensis_Mazine.1067,
Eugenia.cocosensis_IgeaVS.7857,Eugenia.cocosensis_VS.7857
Eugenia.coffeifolia_Holst.9516,
Eugenia.confusa_Abbott.24085,
Eugenia.cordata.var.cordata_Gibney.sn,
Eugenia.stirpiflora_VIIS_1658,
Eugenia.stirpiflora_VIIS_1659,
Eugenia.cordata.var.caribaea_Carrington.2338,
Eugenia.coronata_Flickinger.109,
Eugenia.costatifructa_Valdemarin.1287,
Eugenia.crassa_Giacomin.1860,
Eugenia.crassipetala_Florens.sn.PRU092782,
Eugenia.crenulata_Flickinger.2015DR6,
Eugenia.cristaensis_Rosa.1399,
Eugenia.cryptocardia_Flickinger.2015DR7,
Eugenia.cryptocardia_Vasconcelos.593,
Eugenia.cucullata_NL110154,
Eugenia.cycloidea_Flickinger.57,
Eugenia.densiracemosa_Mazine.1072,
Eugenia.dictyophylla_Clase.8180,
Eugenia.dictyophylla_Flickinger.2015DR28,
Eugenia.disperma_Mazine.804,
Eugenia.domingensis_Lucas.1127,
Eugenia.domingensis_Swensen.180,
Eugenia.dysenterica_Mazine.466,
Eugenia.egensis_Vasconcelos.319,
Eugenia.eggersii_Swensen.212,
Eugenia.ekmanii_Skean.5061,
Eugenia.ellipsoidea_Lucas.879,
Eugenia.erythrophylla_Maurin.1801,
Eugenia.erythrophylla_vanderMerwe.259,
Eugenia.excelsa_Lucas.125,
Eugenia.excisa_Flickinger.52,
Eugenia.excoriata_Faria.2539,
Eugenia.excoriata_Faria.2612,
Eugenia.expansa_Bunger.634,
Eugenia.expansa_Mazine.950,
Eugenia.expansa_Staggemeier.821,
Eugenia.fajardensis_Flickinger.110,
Eugenia.farneyi_Farney.4464,
Eugenia.fasciculiflora_Simon.2032,
Eugenia.fissurata_Giaretta.1639,
Eugenia.flavescens_Zappi.415,
Eugenia.florida_Lucas.106,
Eugenia.florida_Mazine.965,
Eugenia.foetida_Holst.8865,
Eugenia.foetida_Lucas.1115,
Eugenia.glandulosa_Faria.3019,
Eugenia.goiapabana_Bunger.sn,
Eugenia.goiapabana_Faria.2481,
Eugenia.grandissima_Faria.6270,
Eugenia.greggii_Wilson.1534,
Eugenia.guanabarina_Giaretta.1629,
Eugenia.haematocarpa_Flickinger.123,
Eugenia.haematocarpa_Santiago.20181,
Eugenia.hamiltonii_Mazine.1033,
Eugenia.handroi_Faria.3100,
Eugenia.handroi_Mazine.951,
Eugenia.hiemalis_Mazine.970,
Eugenia.hiraeifolia_Souza.1142,
Eugenia.hirta_Faria.4227,
Eugenia.hypargyrea_CarilloReyes.5231,Eugenia.hypargyrea_CarillaReyes.5231
Eugenia.intermedia_Araujo.1788,
Eugenia.inversa_Faria.4230,
Eugenia.involucrata_Bunger.551,
Eugenia.involucrata_Faria.2427,
Eugenia.involucrata_Mazine.1018,
Eugenia.involucrata_PRU092793,
Eugenia.involucrata_Vasconcelos.256,
Eugenia.itajurensis_Faria.2399,
Eugenia.itajurensis_Faria.6723,
Eugenia.joseramosii_Giaretta.1651,
Eugenia.kanakana_Florens.sn.PRU092785,
Eugenia.kerianthera_Giaretta.1517,
Eugenia.klotzschiana_Faria.2006,
Eugenia.klotzschiana_Genome.ON409667,
Eugenia.laeteviridis_Oviedo.sn,
Eugenia.laevis_Flickinger.100,
Eugenia.laevis_Lucas.1113,
Eugenia.lagoensis_Fraga.2436,
Eugenia.lambertiana_Vasconcelos.382,
Eugenia.langsdorffii_Faria.2000,
Eugenia.langsdorffii_Faria.918,
Eugenia.laruotteana_Faria.3139,
Eugenia.laruotteana_Faria.6433,
Eugenia.latifolia_Prevost.4707,
Eugenia.leptoclada_Lucas.389,
Eugenia.ligustrina_Flickinger.2015DR29,
Eugenia.ligustrina_MuscarellaErickson.0132456823,Eugenia.ligustrina_Muscarella.0132456823
Eugenia.ligustrina_Vasconcelos.570,
Eugenia.lindahlii_Clase.7839,
Eugenia.linearis_Flickinger.2015DR8,
Eugenia.lineata_Flickinger.102,
Eugenia.lineolata_Flickinger.2015DR18,
Eugenia.lomensis_Flickinger.21,
Eugenia.longipetiolata_Bunger.626,
Eugenia.longiracemosa_Vasconcelos.310,
Eugenia.longohypanthiata_Giaretta.1500,
Eugenia.lucens_Flickinger.55,
Eugenia.lucida_Florens.sn.PRU092784,
Eugenia.luschnathiana_Abbott.24204,
Eugenia.luschnathiana_Faria.3140,
Eugenia.macrobracteolata_Faria.3050,
Eugenia.macrosperma_Faria.2526,
Eugenia.maestrensis_Flickinger.20,
Eugenia.magnibracteolata_Bunger.627,
Eugenia.magnisepala_Moraes.600,
Eugenia.malacantha_Faria.3037,
Eugenia.malacantha_Faria.3043,
Eugenia.martinellii_Stadnik.380,
Eugenia.mattosii_Valdemarin.1349,
Eugenia.melanogyna_Mazine.969,
Eugenia.membranifolia_Duarte.ESA85677,Eugenia.membranifolia_Duarte.sn_ESA85677
Eugenia.mensurensis_Flickinger.30,
Eugenia.mespiloides_Wilson.10741,
Eugenia.modesta_Mazine.854,
Eugenia.monticola_Flickinger.2015DR27,
Eugenia.monticola_Lucas.1117,
Eugenia.monticola_Vasconcelos.566,
Eugenia.moschata_Simon.971,
Eugenia.myrcianthes_Faria.2850,
Eugenia.myrcianthes_Mazine.1091,
Eugenia.naguana_Flickinger.26,
Eugenia.natalitia_Maurin.1796,
Eugenia.neibensis_Flickinger.2015DR1,
Eugenia.neibensis_Vasconcelos.590,
Eugenia.neofasciculata_Page.105,
Eugenia.neograndifolia_Giaretta.1615,
Eugenia.neograndifolia_Giaretta.1616,
Eugenia.neograndifolia_Holst.9435,
Eugenia.neomyrtifolia_Mazine.953,
Eugenia.neoriedeliana_Giaretta.1489,
Eugenia.neoverrucosa_Lucas.118,
Eugenia.nutans_Lucas.281,
Eugenia.orbiculata_Florens.sn.PRU092779,
Eugenia.orbiculata_Page.104,
Eugenia.pachyadenia_Verdecia.sn,
Eugenia.pacifica_IgeaVS.7887,Eugenia.pacifica_VS.7887
Eugenia.padronii_Flickinger.70,
Eugenia.padronii_Flickinger.83,
Eugenia.paludosa_Vasconcelos.646,
Eugenia.paracatuana_Faria.2928,
Eugenia.paracatuana_Silva.64,
Eugenia.patens_Lucas.104,
Eugenia.patrisii_Holst.9514,
Eugenia.patrisii_Staggemeier.834,
Eugenia.patrisii_Vasconcelos.327,
Eugenia.percincta_Simon.1158,
Eugenia.petaloidea_Amorim.1765.4,
Eugenia.picardae_Flickinger.2015DR2,
Eugenia.piedraensis_Flickinger.48,
Eugenia.piresiana_Faria.3101,
Eugenia.piresiana_Garcia.sn,
Eugenia.pisonis_Giaretta.1419,
Eugenia.pistaciifolia_Faria.1782,
Eugenia.pistaciifolia_Faria.2644,
Eugenia.pitanga_Faria.4112,
Eugenia.pitanga_Mazine.1044,
Eugenia.platyphylla_Lucas.1188,
Eugenia.platysema_Mazine.3001,
Eugenia.plicatocostata_Popovkin.1770,
Eugenia.pluriflora_Faria.3052,
Eugenia.pluriflora_Mazine.961,
Eugenia.pohliana_Faria.1888,
Eugenia.pohliana_Landim.1674,
Eugenia.pollicina_MoorhouseGann.sn,
Eugenia.pollicina_Page.106,
Eugenia.prasina_Mazine.959,
Eugenia.prasina_Zappi.406,
Eugenia.protenta_Vasconcelos.350,
Eugenia.pseudopsidium_Santiago.20177,
Eugenia.puberula_Bunger.629,
Eugenia.pubicalyx_Flickinger.2015DR11,
Eugenia.punicifolia_Mazine.1065,
Eugenia.punicifolia_ParraO.759,
Eugenia.punicifolia_Staggemeier.302,
Eugenia.punicifolia_Vasconcelos.736,
Eugenia.pyrifera_Faria.3870,
Eugenia.pyriformis_DaSilvaFarias.4528,
Eugenia.pyriformis_Faria.1011,
Eugenia.pyriformis_Faria.3063,
Eugenia.pyriformis_Faria.3064,
Eugenia.pyriformis_Faria.3086,
Eugenia.pyriformis_Faria.3166,
Eugenia.pyriformis_Genome.MN095410_private.garden,
Eugenia.pyriformis_Mazine.1028,
Eugenia.pyxidata_MoorhouseGann.sn,
Eugenia.rara_Giaretta.1646,
Eugenia.regia_Bunger.578,
Eugenia.reinwardtiana_Holst.8870,
Eugenia.reinwardtiana_Hyland.9245,
Eugenia.reinwardtiana_Wilson.sn.977022,Eugenia.reinwardtiana_Armstrong.sn.NSW977022
Eugenia.reinwardtiana_Zappi.sn,
Eugenia.repanda_Lucas.273,
Eugenia.repanda_Mazine.1090,
Eugenia.retinadenia_OviedoChaves.sn,Eugenia.retinadenia_Oviedo.sn
Eugenia.rhombea_Holst.8864,
Eugenia.rhombea_Oviedo.sn,
Eugenia.rigidifolia_Oviedo.sn,
Eugenia.rosea_Faria.2579,
Eugenia.roseopetiolata_Vasconcelos.sn,
Eugenia.rotula_Faria.4190,
Eugenia.ruschiana_Bunger.618,
Eugenia.schottiana_Valdemarin.821,
Eugenia.sebastianopolitana_Souza.sn,
Eugenia.sebastianopolitana_Stadnik.448,
Eugenia.selloi_Bunger.566,
Eugenia.selloi_Genome.MN095411_private.garden,
Eugenia.sellowiana_Faria.1744,
Eugenia.sellowiana_Faria.2827,
Eugenia.sellowiana_Faria.3088,
Eugenia.sellowiana_Faria.907,
Eugenia.sessiliflora_Flickinger.120,
Eugenia.sessiliflora_Gibney.sn,
Eugenia.singampattiana_Erkings.sn,
Eugenia.sintenisii_Flickinger.122,
Eugenia.sp_Costa.470,
Eugenia.sp_Faria.2287,
Eugenia.sp_Faria.2591,
Eugenia.sp_Faria.2592,
Eugenia.sp_Faria.2617,
Eugenia.sp_Faria.2622,
Eugenia.sp_Faria.2624,
Eugenia.sp_Faria.2732,
Eugenia.sp_Faria.3153,
Eugenia.sp_Faria.6308,
Eugenia.sp_Faria.6573,
Eugenia.sp_Prevost.4724,
Eugenia.sp_RayA.2016,
Eugenia.sp_Staggemeier.897,
Eugenia.sp_vanWyk.12702,
Eugenia.sp_vanWyk.12716,
Eugenia.sp_vanWyk.12717,
Eugenia.sp_Vasconcelos.348,
Eugenia.sparsa_Mazine.1084,
Eugenia.speciosa_Bunger.585,
Eugenia.speciosa_Mota.2477,
Eugenia.sphenophylla_Lucas.257,
Eugenia.splendens_Faria.1929,
Eugenia.splendens_Faria.4196,
Eugenia.splendens_Faria.6793,
Eugenia.sprengelii_Urban.PRU092791,Eugenia.sprengelii_Urban.sn_PRU092791
Eugenia.sprengelii_Valdemarin.1143,
Eugenia.spruceana_Holst.9465,
Eugenia.stahlii_Flickinger.67,
Eugenia.stahlii_Swensen.169,
Eugenia.stenoxipha_Oviedo.sn,
Eugenia.stewardsonii_Flickinger.76,
Eugenia.stictopetala_Mazine.1077,
Eugenia.stigmatosa_Sampaio.ESA85684,Eugenia.stigmatosa_Sampaio.sn_ESA85684
Eugenia.stigmatosa_Valdemarin.1353,
Eugenia.stipitata_Flickinger.90,
Eugenia.stipitata_Holst.8872,
Eugenia.stipitata_ParraO.728,
Eugenia.stipitata_Souza.sn,
Eugenia.stipitata_Stadnik.428,
Eugenia.stipitata_Vasconcelos.677,
Eugenia.subavenia_Mazine.805,
Eugenia.subglomerata_Mazine.461,
Eugenia.subterminalis_Mazine.974,
Eugenia.sulcata_Lucas.68,
Eugenia.sulcata_Mazine.787,
Eugenia.sulcata_Staggemeier.902,
Eugenia.supraaxillaris_Faria.3033,
Eugenia.supraaxillaris_Mazine.994,
Eugenia.talbotii_PM.5037,Eugenia.talbotii_Parmentier.5037
Eugenia.tenuipedunculata_Giaretta.1493,
Eugenia.tenuipedunculata_Mazine.993,
Eugenia.ternatifolia_Faria.2861,
Eugenia.tetramera_Holst.9422,
Eugenia.tinifolia_Florens.sn.PRU092783,
Eugenia.tinifolia_Page.25,
Eugenia.torbeciana_Ionta.2047,
Eugenia.tropophylla_Lowrey.2134,
Eugenia.tuberculata_Oviedo.sn,
Eugenia.umbellulifera_Flickinger.2015FTG4,
Eugenia.umbellulifera_Vasconcelos.572,
Eugenia.umbrosa_Giaretta.1498,
Eugenia.umbrosa_Mazine.1085,
Eugenia.umtamvunensis_Maurin.1794,
Eugenia.unana_Faria.4221,
Eugenia.uniflora_Abbott.23855,
Eugenia.uniflora_Flickinger.2015FL1,
Eugenia.uniflora_Genome.KR867678_ICN193277,
Eugenia.uniflora_Giaretta.sn,
Eugenia.uniflora_Lucas.207,
Eugenia.varia_OviedoChaves.sn,Eugenia.varia_Oviedo.sn
Eugenia.vattimoana_Giaretta.1465,
Eugenia.vaughanii_Page.69,
Eugenia.verdoorniae_vanWyk.12697,
Eugenia.verticillata_Duarte.ESA85678,Eugenia.verticillata_Duarte.sn.ESA85678
Eugenia.vetula_Faria.1893,
Eugenia.victoriana_Vasconcelos.717,
Eugenia.victorinii_Oviedo.sn,
Eugenia.walkerae_Walker.95016,
Eugenia.websteri_Flickinger.2016J8,
Eugenia.wentii_Gonzalez.NH200102,
Eugenia.wentii_Holst.9421,
Eugenia.woodburyana_Flickinger.126,
Eugenia.woodii_Maurin.MvdB26,
Eugenia.woodii_vanWyk.12695,
Eugenia.wynadensis_Rajkumar.310,
Eugenia.zeyheri_Maurin.1800,
Eugenia.zeyheri_vanWyk.12696,
Eugenia.zuccarinii_Brandao.159,
Eugenia.zuluensis_Abbott.9188,
Eugenia.zuluensis_PRU092775,
Feijoa.sellowiana_Genome.KX289887_Machado.1_FLOR0059178,
Feijoa.sellowiana_Lucas.205,
Gossia.clusioides_Soewarto.14,
Gossia.hillii_Belsham.78,
Gossia.inophloia_Belsham.79,
Heteropyxis.natalensis_Wilson.1475,
Kanakomyrtus.dawsoniana_Vasconcelos.639,
Kania.eugenioides_Takeuchi.7068,
Legrandia.concinna_RBGE.19990656,
Lenwebbia.lasioclada_Bean.7113,
Lenwebbia.prominens_Forster.40529,
Lenwebbia.prominens_Snow.7463,
Lenwebbia.prominens_Wilson.1347,
Leptospermum.scoparium_Lucas.284,
Lophomyrtus.bullata_Belsham.M31,
Lophomyrtus.bullata_Merri.sn,
Lophomyrtus.obcordata_Belsham.M41,
Lophomyrtus.obcordata_Belsham.M42,
Lophomyrtus.obcordata_Maurin.90,
Luma.apiculata_Lucas.208,
Luma.chequen_Landrum.7873,
Luma.chequen_RBGE.19980725G,
Melaleuca.alternifolia_Genome.MN310606,
Melaleuca.comboynensis_Lucas.206,
Melaleuca.leucadendra_LGC.00265,
Metrosideros.perforata_Lucas.209,
Metrosideros.rugosa_Grose.24,
Metrosideros.stipularis_RBGE.19952370A,
Metrosideros.tremuloides_Reynolds.175,
Mitrantia.bilocularis_Sankowsky.sn,
Mosiera.cabanasensis_Flickinger.33,
Mosiera.contrerasii_Salywon.sn,
Mosiera.cuspidata_Rodriguez.1464,
Mosiera.cuspidata_Salywon.1350,
Mosiera.ehrenbergii_Landrum.7375,
Mosiera.elliptica.subsp.insularis_OviedoChaves.sn,Mosiera.elliptica.subsp.insularis_Oviedo.sn
Mosiera.gracilipes_Salywon.1300,
Mosiera.havanensis_OviedoAlvares.sn,Mosiera.havanensis_Oviedo.sn
Mosiera.longipes_Flickinger.2015DR23,
Mosiera.longipes_Salywon.1183,
Mosiera.oonophylla_Oviedo.sn,
Mosiera.ophiticola_Flickinger.56,
Mosiera.wrightii_Flickinger.42,
Mosiera.xerophytica_Salywon.783,
Mosiera.yamaniguensis_Flickinger.63,
Myrceugenia.alpigena.var.fuliginea_Hatschbach.59697,
Myrceugenia.alpigena.var.longifolia_Harley.26218,
Myrceugenia.alpigena_Lucas.167,
Myrceugenia.bananalensis_Faria.4049,
Myrceugenia.brevipedicellata_Landrum.2830,
Myrceugenia.campestris_Kummrow.2940,
Myrceugenia.chrysocarpa_Landrum.8166,
Myrceugenia.colchaguensis_Landrum.8033,
Myrceugenia.correifolia_Teillier.5360,
Myrceugenia.cucullata_Wasum.105,
Myrceugenia.euosma_SoaresSilva.715,
Myrceugenia.exsucca_MurilloA.4217,
Myrceugenia.franciscensis_Miyagi.357,
Myrceugenia.gertii_Barbosa.948,
Myrceugenia.glaucescens_Landrum.11231,
Myrceugenia.hamoniana_Garcia.533,
Myrceugenia.kleinii_Cordeiro.734,
Myrceugenia.lanceolata_Mihoc.6220,
Myrceugenia.leptospermoides_MurilloA.4214,
Myrceugenia.leptospermoides_RBGE.19891714C,
Myrceugenia.miersiana_Lucas.164,
Myrceugenia.myrcioides.var.acrophylla_Ribas.229,
Myrceugenia.myrcioides_Lucas.503,
Myrceugenia.myrcioides_Lucas.82,
Myrceugenia.myrtoides_Rossato.47,
Myrceugenia.obtusa_Brownless.1227,
Myrceugenia.ovalifolia_Lucas.259,
Myrceugenia.ovata.var.acutata_Chagas.1979,
Myrceugenia.ovata.var.nannophylla_Mihoc.5162,
Myrceugenia.ovata.var.ovata_Gardner.19,
Myrceugenia.ovata.var.regnelliana_Silva.18,
Myrceugenia.ovata.var.regnelliana_Souza.10621,
Myrceugenia.ovata_RBGE.19982353C,
Myrceugenia.oxysepala_Ribas.2234,
Myrceugenia.parvifolia_Landrum.5916,
Myrceugenia.pilotantha.var.pilotantha_Lohmann.35,
Myrceugenia.pilotantha_Lucas.230,
Myrceugenia.pinifolia_Gardner.164,
Myrceugenia.planipes_Aedo.7378,
Myrceugenia.planipes_Landrum.sn,
Myrceugenia.planipes_RBGE.19981561B,
Myrceugenia.reitzii_Barbosa.945,
Myrceugenia.rufa_Teillier.150795,
Myrceugenia.rufescens_Lucas.469,
Myrceugenia.schulzei_Ruiz.8266,
Myrceugenia.seriatoramosa_Silva.2358,
Myrcia.abbotiana_Lucas.1108,
Myrcia.abbotiana_Vasconcelos.571,
Myrcia.aethusa_Lima.447,
Myrcia.aff.amazonica_Neto.3007,
Myrcia.aff.bergiana_Amorim.1810,
Myrcia.aff.crocea_Amorim.1919,
Myrcia.aff.glazioviana_Nadruz.1007,
Myrcia.aff.magnifolia_Lucas.1182,
Myrcia.aff.neomontana_Hoffmann.945,
Myrcia.aff.neomontana_Holst.9384,
Myrcia.aff.ochraciflora_Santos.793,
Myrcia.aff.racemosa_Lima.445,
Myrcia.aff.subacuminata_Staggemeier.742,
Myrcia.aff.subobliqua_Staggemeier.839,
Myrcia.amazonica_Lucas.130,
Myrcia.amazonica_Lucas.189,
Myrcia.amazonica_Lucas.59,
Myrcia.amazonica_Prevost.4751,
Myrcia.amplexicaulis_Amorim.1940,
Myrcia.anacardiifolia_Nadruz.999,
Myrcia.anceps_Lima.438,
Myrcia.anceps_Lucas.236,
Myrcia.anomala_Faria.1015,
Myrcia.apodocarpa_Acosta.sn,
Myrcia.ascendens_Santos.829,
Myrcia.aurea_Lucas.729,
Myrcia.barituensis_Serrano.5327,
Myrcia.barkeri_Lucas.1116,
Myrcia.bella_Faria.1692,
Myrcia.bella_Lima.379,
Myrcia.bergiana_Lima.409,
Myrcia.bicarinata_Santos.849,
Myrcia.bicolor_Lucas.219,
Myrcia.blanchetiana_Lima.436,
Myrcia.blanchetiana_Santos.819,
Myrcia.blanchetiana_Santos.834,
Myrcia.bracteata_Prevost.4712,
Myrcia.brasiliensis_Lucas.62,
Myrcia.camapuanensis_Staggemeier.327,
Myrcia.canapuensis_Gomez.sn,
Myrcia.cardiaca_Vasconcelos.274,
Myrcia.carvalhoi_Amorim.2026,
Myrcia.carvalhoi_Santos.751,
Myrcia.caudata_Zappi.1506,
Myrcia.cerqueiria_Amorim.2028,
Myrcia.cf.chytraculia_Lucas.1227,
Myrcia.cf.fluviatilis_Harley.54077,
Myrcia.cf.selleana_Flickinger.2015DR5,
Myrcia.cf.truncata_Souza.1139,
Myrcia.chytraculia_Flickinger.2016J5,
Myrcia.citrifolia_Flickinger.2015DR26,
Myrcia.citrifolia_Pollard.1193,
Myrcia.clarendonensis_Flickinger.2016J7,
Myrcia.clarendonensis_Vasconcelos.511,
Myrcia.clavija_Lucas.244,
Myrcia.coelosepala_Lucas.267,
Myrcia.congestiflora_Torres.1673,
Myrcia.cordiformis_Staggemeier.762,
Myrcia.cordiifolia_Faria.2470,
Myrcia.costeira_Lucas.71,
Myrcia.coumete_Lucas.107,
Myrcia.crocea_Amorim.1942,
Myrcia.cuprea_Staggemeier.862,
Myrcia.decorticans_Staggemeier.799_Brazil.SE,
Myrcia.deflexa_Flickinger.71,
Myrcia.deflexa_Swensen.170,
Myrcia.densa_Santos.643,
Myrcia.densa_Santos.811,
Myrcia.depauperata_MelloSilva.1713,
Myrcia.depauperata_Santos.613,
Myrcia.dictyophylla_SoaresSilva.751,
Myrcia.egensis_Araujo.311,
Myrcia.elevata_Santos.763,
Myrcia.eriocalyx_Faria.1446,
Myrcia.eriocephala_Araujo.1803,
Myrcia.eriopus_Lucas.258,
Myrcia.espiritosantensis_Amorim.2033,
Myrcia.estremenae_Flickinger.88,
Myrcia.eugeniopsoides_Lucas.61,
Myrcia.eumecephylla_Matsumoto.803,
Myrcia.excoriata_Matsumoto.825,
Myrcia.eximia_Santos.625,
Myrcia.fasciculata_Bhiki.285,
Myrcia.fenzliana_Santos.622,
Myrcia.fenzliana_Vasconcelos.592,
Myrcia.ferruginea_Lucas.1235,
Myrcia.ferruginosa_Santos.689,
Myrcia.flagellaris_Lucas.83,
Myrcia.florifera_Araujo.1885,
Myrcia.garciae_Araujo.1802,
Myrcia.gilsoniana_Lucas.1221,
Myrcia.glaziovii_Vasconcelos.501,
Myrcia.glomerata_Lucas.74,
Myrcia.grammica_Ribeiro.453,
Myrcia.grammica_Vasconcelos.483,
Myrcia.grandifolia_Faria.2073,
Myrcia.grandis_Staggemeier.850,
Myrcia.grazielae_Amorim.2016,
Myrcia.guianensis_Caddah.555,
Myrcia.guianensis_Harley.50707,
Myrcia.guianensis_Staggemeier.845,
Myrcia.guianensis_Lima.517,
Myrcia.guianensis_Lima.512,
Myrcia.guianensis_Vasconcelos.491,
Myrcia.guianensis_Lima.530,
Myrcia.hartwegiana_Amorim.1925,
Myrcia.hartwegiana_Lucas.155,
Myrcia.hatschbachii_Santos.661,
Myrcia.hebepetala_Lucas.64,
Myrcia.hedraiophylla_Araujo.1874,
Myrcia.hexasticha_Lucas.194,
Myrcia.hirtiflora_Staggemeier.751,
Myrcia.hylobates_Holst.8054,
Myrcia.ilheosensis_Amorim.2037,
Myrcia.inaequiloba_Lucas.105,
Myrcia.insigniflora_Matsumoto.799,
Myrcia.isaiana_Lucas.60,
Myrcia.laricina_Caxambu.3217,
Myrcia.laxiflora_Lucas.682,
Myrcia.laxiflora_Meirelles.307,
Myrcia.legrandii_Lucas.171,
Myrcia.lenheirensis_Lucas.263,
Myrcia.lignosa_W26462,Myrcia.lignosa_Wood.26462
Myrcia.limae_Cordeiro.310,
Myrcia.linearifolia_Lima.506B,
Myrcia.littoralis_Lima.510,
Myrcia.littoralis_Lima.511,
Myrcia.lonchophylla_Lucas.84,
Myrcia.longicalyptrata_Vasconcelos.523,
Myrcia.longipetiolata_Amorim.2024,
Myrcia.loranthifolia_Araujo.1827,
Myrcia.loranthifolia_Lourenco.444,
Myrcia.loranthifolia_Lucas.122,
Myrcia.loranthifolia_Lucas.930,
Myrcia.lucasiae_Vasconcelos.439,
Myrcia.lughadhae_Hurbath.92,
Myrcia.cf.lundiana_Lima.406,
Myrcia.magnifolia_Amorim.2000,
Myrcia.marianae_Staggemeier.764,
Myrcia.maricaensis_AcevedoRodriguez.7160,
Myrcia.maximiliana_Santos.750,
Myrcia.mcvaughii_Caddah.547,
Myrcia.megaphylla_Santos.721,
Myrcia.micropetala_Paixao.289,
Myrcia.microphylla_Santos.617,
Myrcia.minutiflora_Sasaki.2394,
Myrcia.mischophylla_Faria.1225,
Myrcia.mischophylla_Sobral.sn,
Myrcia.montana_Lucas.261,
Myrcia.mucugensis_Santos.823,
Myrcia.multiflora_Lucas.65,
Myrcia.multiflora_Staggemeier.422,
Myrcia.multiflora_Staggemeier.863,
Myrcia.multiflora_Staggemeier.867,
Myrcia.multipunctata_Matsumoto.752,
Myrcia.multipunctata_Santos.836,
Myrcia.mutabilis_Mazine.1052,
Myrcia.mutabilis_Santos.621,
Myrcia.mutabilis_Santos.833,
Myrcia.myrtillifolia_Bridgewater.1076,
Myrcia.myrtillifolia_Lima.381,
Myrcia.myrtillifolia_Lima.501,
Myrcia.neoclusiifolia_Lucas.253,
Myrcia.neodimorpha_Folli.6649,
Myrcia.neoglabra_Staggemeier.935,
Myrcia.neokiaerskovii_Pollard.1194,
Myrcia.neolaevigata_Araujo.1793,
Myrcia.neolucida_Sasaki.2448,
Myrcia.neoobscura_Matsumoto.836,
Myrcia.neopallens_Araujo.1792,Myrcia.chytraculia.var.pauciflora_Araujo.1792
Myrcia.neopallens_Vasconcelos.534,Myrcia.chytraculia.var.pauciflora_Vasconcelos.534
Myrcia.neopicardae_Flickinger.2015DR10,
Myrcia.neoregeliana_Matsumoto.814,
Myrcia.neoriedeliana_Lucas.88,
Myrcia.neosericea_Faria.972,
Myrcia.neosintenisii_Araujo.1785,
Myrcia.neospeciosa_Bhiki.784,
Myrcia.neospeciosa_Holst.9399,
Myrcia.neospruceana_Santos.601,
Myrcia.neosuaveolens_Lucas.85,
Myrcia.neothomasiana_Pollard.1195,
Myrcia.neuwiedeana_Lucas.886,
Myrcia.neuwiedeana_Staggemeier.793,
Myrcia.nitida_Santos.600,
Myrcia.nitida_Santos.720,
Myrcia.nivea_Lima.538,
Myrcia.oblongata_Santos.667,
Myrcia.obovata_Lima.368,
Myrcia.obovata_Lima.459,
Myrcia.obversa_Matsumoto.820,
Myrcia.ottonis_Oviedo.sn,
Myrcia.ovina_Ibrahim.277,
Myrcia.palustris_Brotto.1546,
Myrcia.pendula_Lucas.1206,
Myrcia.piauhiensis_Faria.2172,
Myrcia.pinetorum_Oviedo.sn,
Myrcia.pinifolia_Vasconcelos.505,
Myrcia.platyclada_Hawthorne.502,
Myrcia.plusiantha_Santos.712,
Myrcia.plusiantha_Staggemeier.737,
Myrcia.plusiantha_Staggemeier.907,
Myrcia.polyantha_Staggemeier.797,
Myrcia.polyneura_Gomez.sn,
Myrcia.pseudospectabilis_Amorim.2005,
Myrcia.psilophylla_Lucas.1224,
Myrcia.pubescens_IBGE.sn,
Myrcia.pubipetala_Lima.440,
Myrcia.pubipetala_Lucas.86,
Myrcia.pubipetala_Santos.840,
Myrcia.pulchella_Zappi.2496,
Myrcia.pulvinata_Amorim.1901,
Myrcia.racemosa_Lucas.63,
Myrcia.ramiflora_Lucas.1181,
Myrcia.raminfinita_Lucas.1033,
Myrcia.ramuliflora_Lima.412,
Myrcia.restingae_Lucas.990,
Myrcia.reticulata_Santos.803,
Myrcia.reticulosa_Harley.50309,
Myrcia.retivenia_AcostaGomez.sn,Myrcia.retivenia_Acosta.sn
Myrcia.retorta_Lucas.179,
Myrcia.rhodophylla_Flickinger.28,
Myrcia.riodocensis_Staggemeier.917,
Myrcia.rionegrensis_Vasconcelos.307,
Myrcia.robusta_Lucas.727,
Myrcia.rosangelae_Amorim.1499,
Myrcia.rufipes_Lucas.280,
Myrcia.rupestris_Santos.640,
Myrcia.rupta_Vasconcelos.311,
Myrcia.ruschii_Amorim.1941,
Myrcia.salzmannii_Vasconcelos.459,
Myrcia.saxatilis_Lucas.98,
Myrcia.selloi_Lucas.110,
Myrcia.selloi_Mello.1705,Myrcia.selloi_MelloSilva.1705
Myrcia.serrana_Amorim.2013,
Myrcia.servata_Santos.777,
Myrcia.sessilissima_Santos.641,
Myrcia.siriacoana_Lima.505,
Myrcia.sp_Amorim.2019,
Myrcia.sp_Bhiki.551,
Myrcia.sp_Carvalho.1594,
Myrcia.sp_Faria.4193,
Myrcia.sp_Harms.20,
Myrcia.sp_Homeier.2363,
Myrcia.sp_Lima.550,
Myrcia.sp_Lucas.1159,
Myrcia.sp_Lucas.1169,
Myrcia.sp_Lucas.1192,
Myrcia.sp_Souza.1126,
Myrcia.sp_Souza.1131,
Myrcia.sp_Staggemeier.740,
Myrcia.sp_Staggemeier.792,
Myrcia.sp_Staggemeier.901,
Myrcia.sp_Staggemeier.927,
Myrcia.sp_Swensen.185,
Myrcia.sp_Trad.579,Myrcia.capixaba_Trad.579
Myrcia.sp_Tripp.3128,
Myrcia.sp_Vasconcelos.440,
Myrcia.spathulifolia_Faria.4214,
Myrcia.spectabilis_Amorim.1989,
Myrcia.spectabilis_Lucas.75,
Myrcia.splendens_Lucas.165,
Myrcia.splendens_Lucas.73,
Myrcia.splendens_Prevost.4716,
Myrcia.splendens_Vasconcelos.587,
Myrcia.splendens_Wood.15435,
Myrcia.springiana_Amorim.1985,
Myrcia.springiana_Amorim.2007,
Myrcia.squamata_Vieira.800,
Myrcia.stricta_Lima.508,
Myrcia.stricta_Santos.608,
Myrcia.strigipes_Matsumoto.798,
Myrcia.subacuminata_Lucas.225,
Myrcia.subalpestris_Lima.514,
Myrcia.subalpestris_Lucas.251,
Myrcia.subalpestris_Lima.476,
Myrcia.subavenia_Santos.585,
Myrcia.subavenia_Santos.715,
Myrcia.subcordata_Lucas.138,
Myrcia.subcordata_Santos.586,
Myrcia.subcordata_Santos.845,
Myrcia.subsericea_Santos.797,
Myrcia.subterminalis_Santos.733,
Myrcia.sucrei_Matsumoto.824,
Myrcia.sucrei_Staggemeier.916,
Myrcia.suffruticosa_MelloSilva.1690,
Myrcia.sylvatica_SantosLima.844,
Myrcia.tenuifolia_Santos.747,
Myrcia.tenuivenosa_Lucas.87,
Myrcia.tetraloba_Lima.415,
Myrcia.tetraphylla_Staggemeier.926,
Myrcia.teuscheriana_Lucas.633,
Myrcia.teuscheriana_Staggemeier.896,
Myrcia.thomasii_Amorim.1020,
Myrcia.tijucensis_Amorim.2055,
Myrcia.tijucensis_Zappi.305,
Myrcia.tomentosa_Savassi.ESA85681,Myrcia.tomentosa_Savassi.sn.ESA85681
Myrcia.tomentosa_SoaresSilva.752,
Myrcia.tortuosa_Lima.486,
Myrcia.trimera_Lucas.1190,
Myrcia.truncata_Lucas.1189,
Myrcia.tumida_Lima.387,
Myrcia.umbraticola_Prevost.4749_Guyana,
Myrcia.umbraticola_Souza.sn.43175_AM,
Myrcia.variabilis_Lucas.277,
Myrcia.variabilis_Lima.365,
Myrcia.variabilis_Lima.544,
Myrcia.vellozoi_Staggemeier.805,
Myrcia.venulosa_Cruz.195,
Myrcia.vestita_Lima.455,
Myrcia.vestita_Lucas.93,
Myrcia.vittoriana_Amorim.2008,
Myrcia.vittoriana_Zappi.455,
Myrcia.zuzygium_Flickinger.2015DR15,Myrcia.chytraculia.var.zuzygium_Flickinger.2015DR15
Myrcianthes.callicoma_Wood.21047,
Myrcianthes.cisplatensis_Landrum.11233,
Myrcianthes.cruciatus_Proenca.5441,
Myrcianthes.ferreyrae_Peru.170227,
Myrcianthes.ferreyrae_Peru.18665,
Myrcianthes.fragrans_Flickinger.2015FTG2,
Myrcianthes.fragrans_Hamilton.552,
Myrcianthes.gigantea_Mondim.sn,
Myrcianthes.osteomeloides_Wood.21051,
Myrcianthes.pseudomato_Beck.9667,
Myrcianthes.pungens_Faria.2759,
Myrcianthes.pungens_Genome.MN095409_private.garden,
Myrcianthes.pungens_Tressens.5481,
Myrcianthes.roncesvallensis_ParraO.849,
Myrciaria.borinquena_Flickinger.79,
Myrciaria.cuspidata_Vasconcelos.495,
Myrciaria.floribunda_Flickinger.87,
Myrciaria.floribunda_Mazine.796,
Myrciaria.floribunda_Vasconcelos.380,
Myrciaria.glazioviana_Coelho.288,
Myrciaria.glomerata_Vasconcelos.413,
Myrciaria.sp_Costa.773,
Myrciaria.tenella_Lucas.417,
Myrciaria.vexator_Flickinger.2015FTG5,
Myrciaria.vexator_Vasconcelos.709,
Myrrhinium.atropurpureum_Costa.594,
Myrtastrum.rufopunctatum_Snow.9188,
Myrtastrum.rufopunctatum_Soewarto.10,
Myrtella.beccarii_JamesSAJ0945,Myrtella.beccarii_James.SAJ0945
Myrteola.nummularia_RBGE.19961096,
Myrtus.communis_Lucas.211,
Neomyrtus.pedunculata_Maurin.100,
Nothomyrcia.fernandeziana_Stuessy.15283,
Octamyrtus.pleiopetala_Johns.sn,
Osbornia.octodonta_OBrien.sn,
Pilidiostigma.glabrum_Cameron.sn,
Pilidiostigma.tropicum_Forster.27636,
Pimenta.berciliae_Vasconcelos.576,
Pimenta.dioica_Flickinger.2016FTG3,
Pimenta.dioica_Genome.KY085891_Wen12912,
Pimenta.dioica_Lucas.212,
Pimenta.filipes_Flickinger.15,
Pimenta.haitiensis_Flickinger.107,
Pimenta.haitiensis_Salywon.JBSD,
Pimenta.paganii_Flickinger.85,
Pimenta.podocarpoides_Acosta.sn,
Pimenta.pseudocaryophyllus_Lucas.161,
Pimenta.racemosa.var.grisea_Flickinger.72,
Pimenta.racemosa.var.ozua_Flickinger.2015DR30,
Pimenta.racemosa.var.racemosa_Flickinger.89,
Pimenta.racemosa_Holst.8866,
Pimenta.yumana_Vasconcelos.584,
Plinia.bissei_Acosta.sn,
Plinia.clausa_Stadnik.601,
Plinia.cordifolia_Mazine.957,
Plinia.dermatodes_Acosta.sn,
Plinia.edulis_Genome.MN095408_private.garden,
Plinia.espinhacensis_Faria.6379,
Plinia.longiacuminata_Borges.314,
Plinia.nana_Mazine.662,
Plinia.peruviana_Genome.KX527622_Salla.03_DVPR3002,
Plinia.peruviana_Lucas.210,
Plinia.phitrantha_Genome.KY392759_Salla.02_DVPR3001,
Plinia.phitrantha_Souza.sn,
Plinia.silvestris_Matsumoto.831,
Plinia.sp_Holst.9482,
Plinia.stenophylla_Acosta.sn,
Plinia.trunciflora_Genome.KU318111,
Psidium.acidum_Costa.490,
Psidium.acranthum_Flickinger.2015DR31,
Psidium.acranthum_Vasconcelos.578,
Psidium.aff.guayaquilense_Genome.MH491847_Reatini.sn_CDS3053562,
Psidium.amplexicaule_Flickinger.2015DR9,
Psidium.amplexicaule_SantosNeto.40,
Psidium.amplexicaule_Vasconcelos.565,
Psidium.appendiculatum_Tuler.619,
Psidium.araucanum_Costa.837,
Psidium.australe.var.argenteum_Costa.540,
Psidium.australe.var.argenteum_Silva.4535,
Psidium.australe.var.suffruticosum_Costa.538,
Psidium.australe_Proenca.5376,
Psidium.basanthum_Proenca.3021,
Psidium.bergianum_Costa.627,
Psidium.bergianum_Faria.6839,
Psidium.bergianum_Tuler.617,
Psidium.brownianum_Tuler.606,
Psidium.canum_Proenca.3231,
Psidium.cattleyanum_Costa.486,
Psidium.cattleyanum_Costa.606,
Psidium.cattleyanum_Costa.819b,
Psidium.cattleyanum_Flickinger.2015FL02,
Psidium.cattleyanum_Lucas.213,
Psidium.cattleyanum_RB595299,
Psidium.cattleyanum_Tuler.553,
Psidium.cauliflorum_Tuler.480,
Psidium.cauliflorum_Tuler.511,
Psidium.corynanthum_Ordones.492,
Psidium.corynanthum_Proenca.5332,
Psidium.corynanthum_Stadnik.366,
Psidium.cupreum_Faria.4271,
Psidium.dictyophyllum_Salywon.1322,
Psidium.firmum_Tuler.618,
Psidium.friedrichsthalianum_Verola.sn,
Psidium.galapageium_Genome.MH491846_Reatini.sn_CDS3053515,
Psidium.ganevii_Stadnik.314,
Psidium.glaziovianum_Vasconcelos.473,
Psidium.grandifolium_Costa.654,
Psidium.grandifolium_Faria.6689,
Psidium.grandifolium_Tuler.612,
Psidium.grandifolium_Tuler.616,
Psidium.grazielae_Tuler.496,
Psidium.guajava_Costa.476,
Psidium.guajava_Costa.sn,
Psidium.guajava_Flickinger.2015FTG8,
Psidium.guajava_Genome.KY635879_Lee.0003,
Psidium.guajava_Landrum.7866,
Psidium.guineense_Costa.817,
Psidium.harrisianum_Flickinger.2016J9,
Psidium.kennedyanum_Uchoa.sn,
Psidium.laruotteanum_Costa.624,
Psidium.laruotteanum_Faria.2362,
Psidium.laruotteanum_Proenca.3069,
Psidium.macahense_Faria.2519,
Psidium.macahense_Tuler.455,
Psidium.macahense_Tuler.457,
Psidium.macahense_Tuler.532,
Psidium.macahense_Vasconcelos.465,
Psidium.minutiflorum_Lopes.30,
Psidium.mucronatum_Proenca.3071,
Psidium.myrsinites_Costa.758,
Psidium.myrsinites_Tuler.613,
Psidium.myrtoides_Costa.816,
Psidium.myrtoides_Faria.6838,
Psidium.oblongatum_Tuler.567,
Psidium.oligospermum_Ibrahim.186,
Psidium.ovale_Barbosa.799,
Psidium.parvifolium_Flickinger.47,
Psidium.ratterianum_Proenca.3068,
Psidium.rhombeum_Faria.966,
Psidium.riparium_Lima.637,
Psidium.robustum_Faria.6370,
Psidium.rotundatum_OviedoChaves.sn,Psidium.rotundatum_Oviedo.sn
Psidium.rotundidiscum_Tuler.626,
Psidium.rufum_Tuler.537,
Psidium.rufum_Tuler.538,
Psidium.salutare.var.mucronatum_Proenca.3071,
Psidium.salutare.var.salutare_Oviedo.sn,
Psidium.sartorianum_Faria.2195,
Psidium.sartorianum_Proenca.2993,
Psidium.schenckianum_Costa.772,
Psidium.sessiliflorum_Bringel.743,
Psidium.sessilifolium_Flickinger.2015DR21,
Psidium.sp_Costa.815,
Psidium.sp_Faria.6405,
Psidium.striatulum_DamascenoJr.2658,
Psidium.widgrenianum_Proenca.3230,
Rhodamnia.argentea_Belsham.81,
Rhodamnia.cinerea_Vasconcelos.672,
Rhodamnia.rubescens_Belsham.83,
Rhodomyrtus.psidioides_Belsham.72,
Rhodomyrtus.tomentosa_Genome.MK044696,
Rhodomyrtus.tomentosa_Vasconcelos.678,
Siphoneugena.cordifolia_Forster.1011,Neomitranthes.cordifolia_Forster.1011
Siphoneugena.densiflora_Faria.1452,
Siphoneugena.densiflora_Mazine.1050,
Siphoneugena.dussii_Flickinger.68,
Siphoneugena.glomerata_LabFenoSn3.G2.46397,
Siphoneugena.guilfoyleiana_Lucas.70,
Siphoneugena.obtusa_Proenca.4047,
Siphoneugena.reitzii_Staggemeier.1000,
Syzygium.aromaticum_Genome.MN746306,
Syzygium.cumini_Genome.MN095412,
Syzygium.jambos_Lucas.214,
Syzygium.maire_Belsham.M84,
Syzygium.malaccense_Flickinger.2015FTG1,
Syzygium.samarangense_Flickinger.108,
Temu.cruckshanksii_MurilloA.4219,
Temu.cruckshanksii_RBGE.1998073D,
Tetrapora.verrucosa_Wilson.1638,Austrobaeckea.verrucosa_Wilson.1638
Tristania.neriifolia_Wilson.sn,Tristania.neriifolia_Wilson.sn_UNSW23243
Tristaniopsis.macrosperma_Conn_5261,Tristaniopsis.macrosperma_Conn.5261
Ugni.candollei_Vasconcelos.sn,
Ugni.molinae_Belsham.M69,
Ugni.molinae_MurilloA.4213,
Ugni.myricoides_Landrum.9372,
Ugni.selkirkii_Gardner.31,
Uromyrtus.australis_Conti.sn,
Uromyrtus.emarginata_Vasconcelos.628,
Uromyrtus.metrosideros_Biffin.9102545,Uromyrtus.metrosideros_Biffin.sn.CANB9102545
Uromyrtus.neomyrtoides_Wulf.NSW846522,Uromyrtus.neomyrtoides_Wulf.sn.NSW846522
Welchiodendron.longivalve_Sankowsky.NSW504439,Welchiodendron.longivalve_Sankowsky.sn.NSW504439
Whiteodendron.moultonianum_StephenTeo.S75422,
Xanthomyrtus.compacta_Edwards.4213A,
Xanthomyrtus.compacta_Edwards.4214A,
Xanthomyrtus.kanalaensis_Benson.sn,
Xanthomyrtus.montivaga_Lucas.16,
Xanthostemon.aurantiacus_Dawson.19.5.1997,
Xanthostemon.chrysanthus_NZFRI.29475,