NameID,Name
22102013,Acca lanuginosa (Ruiz & Pav. ex G. Don) McVaugh
22102017,Acca macrostema (Ruiz & Pav. ex G. Don) McVaugh
22103016,Acca sellowiana (O. Berg) Burret
40030226,Acca O. Berg
22103015,Accara elegans (DC.) Landrum
40037115,Accara Landrum
100142622,Aguava guianensis (Aubl.) Raf.
40034707,Aguava Raf.
50298162,Algrizea macrochlamys (DC.) Proença & Nic Lugh.
100439062,Algrizea minor Sobral, Faria & Proença
50298161,Algrizea Proença & Nic Lugh.
22103208,Amomyrtella guili (Speg.) Kausel
100436956,Amomyrtella irregularis (McVaugh) Landrum & Morocho
40012219,Amomyrtella Kausel
40012224,Amomyrtus (Burret) D. Legrand & Kausel
22102223,Amomyrtus luma (Molina) D. Legrand & Kausel
22102224,Amomyrtus meli (Phil.) D. Legrand & Kausel
22101980,Amyrsia hallii (O. Berg) Kausel
22101986,Amyrsia limbata (Kunth) Kausel
40012951,Amyrsia Raf.
22100171,Aulomyrcia chilensis O. Berg
22102072,Aulomyrcia tomentosa (Aubl.) Amshoff
40022923,Aulomyrcia O. Berg
22102225,Blepharocalyx cruckshanksii (Hook. & Arn.) Nied.
22103188,Blepharocalyx eggersii (Kiaersk.) Landrum
100154238,Blepharocalyx myriophyllus (Casar.) Morais & Sobral
22102059,Blepharocalyx salicifolius (Kunth) O. Berg
22104046,Blepharocalyx spiraeoides Stapf
40028231,Blepharocalyx O. Berg
100158603,Calycolpus aequatorialis Landrum
22103030,Calycolpus alternifolius (Gleason) Landrum
100365995,Calycolpus andersonii Landrum
50124905,Calycolpus australis Landrum
22103300,Calycolpus bolivarensis Landrum
22102292,Calycolpus calophyllus (Kunth) O. Berg
22104437,Calycolpus cochleatus McVaugh
22103042,Calycolpus goetheanus (DC.) O. Berg
22104088,Calycolpus legrandii Mattos
22102027,Calycolpus moritzianus (O. Berg) Burret
22103490,Calycolpus revolutus (Schauer) O. Berg
22103304,Calycolpus roraimensis Steyerm.
22100271,Calycolpus schomburgkianus O. Berg
100388394,Calycolpus sessiliflorus Landrum
22104444,Calycolpus surinamensis McVaugh
22102076,Calycolpus warszewiczianus O. Berg
40035838,Calycolpus O. Berg
22103434,Calycorectes bergii Sandwith
100158637,Calycorectes dominicanus Mattos
22103429,Calycorectes grandifolius O. Berg
22101933,Calycorectes macrocalyx Rusby
22100272,Calycorectes mexicanus O. Berg
100158641,Calycorectes minutifolius Mattos
22103272,Calycorectes wurdackii McVaugh
40035881,Calycorectes O. Berg
22102642,Calyptranthes acevedoi Alain
22102633,Calyptranthes acunae Borhidi & O. Muñiz
22102395,Calyptranthes acutissima Urb.
100363000,Calyptranthes aequatoriensis M.L. Kawas.
22102634,Calyptranthes albicans Borhidi
50160720,Calyptranthes amarulenta B. Holst
22102394,Calyptranthes amoena Pilg.
100363001,Calyptranthes ampliflora M.L. Kawas.
22102548,Calyptranthes amshoffae McVaugh
22102635,Calyptranthes anacletoi Borhidi & O. Muñiz
22102304,Calyptranthes anceps O. Berg
100475194,Calyptranthes anguerana Sobral & Ibrahim
22100275,Calyptranthes angustifolia Kiaersk.
22102430,Calyptranthes apicata (C. Wright ex Griseb.) Urb.
22102549,Calyptranthes apoda McVaugh
100445357,Calyptranthes arachnicola Sobral & M.C. Souza
22102431,Calyptranthes arborea Urb. & Ekman
22102432,Calyptranthes arenicola Urb.
22102305,Calyptranthes aromatica Blume
22102643,Calyptranthes banilejoana Alain
22102636,Calyptranthes baracoensis Borhidi
22102433,Calyptranthes barkeri Ekman & Urb.
22102467,Calyptranthes bartlettii Standl.
22102386,Calyptranthes bergii Krug & Urb.
22102414,Calyptranthes bialata Urb.
100445358,Calyptranthes biconvexa M.C. Souza & Sobral
22100278,Calyptranthes bimarginata O. Berg
22101827,Calyptranthes bipennis O. Berg
22100279,Calyptranthes blanchetiana O. Berg
100381747,Calyptranthes boanova Sobral
22102396,Calyptranthes boldinghii Urb.
22107337,Calyptranthes bracteata M.L. Kawas. & B. Holst
22102434,Calyptranthes bracteosa Urb. & Ekman
22100280,Calyptranthes brasiliensis Spreng.
22101828,Calyptranthes brevispicata McVaugh
100478356,Calyptranthes brunnea B. Holst & M.L. Kawas.
50262156,Calyptranthes buchenavioides Parra-Os.
22102435,Calyptranthes calderonii Standl.
22102436,Calyptranthes calophylla Urb. & Ekman
22102308,Calyptranthes calyptrata Griseb.
22102550,Calyptranthes canaliculata McVaugh
22102437,Calyptranthes canapuensis Urb.
22102665,Calyptranthes capitata Proctor
100158760,Calyptranthes capitulata C. Wright
100445359,Calyptranthes carangola Sobral & Leoni
22102415,Calyptranthes cardiophylla Urb.
100001987,Calyptranthes carinata M.L. Kawas. & B. Holst
22102312,Calyptranthes caudata Gardner
22102505,Calyptranthes chiapensis Lundell
22102438,Calyptranthes chrysophylloides Urb. & Ekman
22102077,Calyptranthes chytraculia (L.) Sw.
22102410,Calyptranthes clarensis Britton & P. Wilson
22102411,Calyptranthes clementis Britton & P. Wilson
22100281,Calyptranthes clusiifolia O. Berg
22102439,Calyptranthes collina Urb.
100279464,Calyptranthes compactiflora M.L. Kawas. & B. Holst
22102416,Calyptranthes compressa Urb.
22100282,Calyptranthes concinna DC.
50229707,Calyptranthes conduplicata B. Holst
22102507,Calyptranthes contrerasii Lundell
22102314,Calyptranthes cordata O. Berg
100445532,Calyptranthes corticosa Sobral & M.A.D. Souza
22100283,Calyptranthes crebra McVaugh
22102650,Calyptranthes cristalensis Borhidi
22102317,Calyptranthes cubensis O. Berg
22102508,Calyptranthes cuneifolia Lundell
22100284,Calyptranthes cuprea O. Berg
100381748,Calyptranthes curta Sobral & O. Aguiar
22100285,Calyptranthes cuspidata Mart. ex DC.
22105504,Calyptranthes dardanoi Mattos
22102322,Calyptranthes decandra Griseb.
22100286,Calyptranthes densiflora Poepp. ex O. Berg
22102440,Calyptranthes densifolia Urb. & Ekman
22102468,Calyptranthes depressa Urb.
100381749,Calyptranthes detecta Sobral & M.C. Souza
22102324,Calyptranthes dichotoma Casar.
22102397,Calyptranthes discolor Urb.
50141345,Calyptranthes dryadica M.L. Kawas.
22102387,Calyptranthes elegans Krug & Urb.
50270205,Calyptranthes elliptica B. Holst & M.L. Kawas.
22102417,Calyptranthes elongata Urb.
22102398,Calyptranthes enneantha C. Wright
22102404,Calyptranthes eriocephala Urb.
22102651,Calyptranthes ermitensis Borhidi
50262157,Calyptranthes estoraquensis Parra-Os.
22102666,Calyptranthes estremenanus Alain
22102652,Calyptranthes exasperata Borhidi
22100289,Calyptranthes fasciculata O. Berg
22102442,Calyptranthes flavoviridis Urb.
22102329,Calyptranthes forsteri O. Berg
100279484,Calyptranthes fusca M.L. Kawas. & B. Holst
50315719,Calyptranthes fusiformis M.L. Kawas.
50303215,Calyptranthes garciae Alain & M.M. Mejía
22101840,Calyptranthes gigantifolia McVaugh
100158766,Calyptranthes glabrescens Krug & Urb.
50292807,Calyptranthes glandulosa M.L. Kawas. & B. Holst
22100291,Calyptranthes glazioviana Kiaersk.
22102399,Calyptranthes gracilipes C. Wright
22102565,Calyptranthes grammica (Spreng.) D. Legrand
22100293,Calyptranthes grandiflora O. Berg
22100294,Calyptranthes grandifolia O. Berg
22102469,Calyptranthes grandis Urb. & Ekman
100447985,Calyptranthes guanacastensis N. Zamora, S.Y. Kim & R. Espinoza
100158767,Calyptranthes guayabillo Alain
22102554,Calyptranthes hatschbachii D. Legrand
22102566,Calyptranthes hernandezii McVaugh
22102419,Calyptranthes heterochroa Urb.
22102466,Calyptranthes heteroclada Urb. & Ekman
22102722,Calyptranthes hondurensis Standl.
22102444,Calyptranthes hotteana Urb. & Ekman
22102079,Calyptranthes hylobates Standl. ex Amshoff
22102667,Calyptranthes insularis Bisse
22102470,Calyptranthes involucrata Urb. & Ekman
100445386,Calyptranthes irregularis Sobral, M.A.D. Souza & Luize
50292808,Calyptranthes ishoaquinicca M.L. Kawas. & B. Holst
22102578,Calyptranthes izabalana Lundell
50270207,Calyptranthes jefensis B. Holst & M.L. Kawas.
22102645,Calyptranthes jimenoana Alain
22102080,Calyptranthes johnstonii McVaugh
22102445,Calyptranthes karlingii Standl.
22102336,Calyptranthes karwinskyana O. Berg
22101802,Calyptranthes kiaerskovii Krug & Urb.
22102547,Calyptranthes killipii Standl.
22101803,Calyptranthes krugii Kiaersk.
22100295,Calyptranthes krugioides McVaugh
22102471,Calyptranthes laevigata Urb. & Ekman
22100296,Calyptranthes lanceolata O. Berg
22100298,Calyptranthes langsdorffii O. Berg
22102654,Calyptranthes leonis Borhidi & O. Muñiz
22102579,Calyptranthes lepida McVaugh
22102420,Calyptranthes leptoclada Urb.
22102668,Calyptranthes levisensis Bisse & Am. Rodríguez
22102646,Calyptranthes limoncillo Alain
22100299,Calyptranthes lindeniana O. Berg
22102543,Calyptranthes linearis Alain
22102446,Calyptranthes litoralis Urb. & Ekman
22102447,Calyptranthes lomensis Urb.
50270208,Calyptranthes longicalyptrata B. Holst & M.L. Kawas.
22101829,Calyptranthes longifolia O. Berg
50238179,Calyptranthes lozanoi Parra-Os.
22100302,Calyptranthes lucida Mart. ex DC.
22100303,Calyptranthes luetzelburgii Burret ex Luetzelb.
22101804,Calyptranthes luquillensis Alain
22102509,Calyptranthes macrantha Standl. & Steyerm.
50270209,Calyptranthes macrocarpa B. Holst & M.L. Kawas.
22100304,Calyptranthes macrophylla O. Berg
22102448,Calyptranthes maestrensis Urb.
50303447,Calyptranthes manuensis B. Holst & M.L. Kawas.
100381750,Calyptranthes maritima Sobral & Bertoncello
22102449,Calyptranthes marmeladensis Urb. & Ekman
22102344,Calyptranthes martiusiana DC.
22102669,Calyptranthes martorellii Alain
22101830,Calyptranthes maxima McVaugh
22102592,Calyptranthes mayana Lundell
22102655,Calyptranthes mayarensis Borhidi
100450025,Calyptranthes mcvaughii M.L. Kawas. & D. Santam.
22101622,Calyptranthes megistophylla Standl.
22102555,Calyptranthes meridensis Steyerm.
22102345,Calyptranthes micrantha C. Wright ex Griseb.
50270210,Calyptranthes microphylla B. Holst & M.L. Kawas.
22102406,Calyptranthes millspaughii Urb.
22102656,Calyptranthes minutiflora Borhidi
22102670,Calyptranthes mirabilis Bisse & Am. Rodríguez
22102544,Calyptranthes moaensis Alain
100468816,Calyptranthes moctezumae Sánchez-Cháv. & Zamudio
22102422,Calyptranthes monocarpa Urb.
50273924,Calyptranthes monteverdensis P.E. Sánchez
22102450,Calyptranthes mornicola Urb.
22100309,Calyptranthes multiflora Poepp. ex O. Berg
22102657,Calyptranthes munizii Borhidi
22102472,Calyptranthes myrcioides Urb. & Ekman
100001988,Calyptranthes nervata M.L. Kawas. & B. Holst
50238069,Calyptranthes nigrescens B. Holst
22100312,Calyptranthes nigricans DC.
22102658,Calyptranthes nipensis Borhidi & O. Muñiz
22102401,Calyptranthes nodosa Urb.
22102348,Calyptranthes nummularia O. Berg
22102424,Calyptranthes oblanceolata Urb.
22102538,Calyptranthes oblongifolia R.A. Howard
22100313,Calyptranthes obovata Kiaersk.
22102352,Calyptranthes obversa O. Berg
22102425,Calyptranthes oligantha Urb.
100477268,Calyptranthes orientalis B. Holst & M.L. Kawas.
22100318,Calyptranthes ovalifolia Cambess.
22102556,Calyptranthes ovoidea McVaugh
22102452,Calyptranthes pachyadenia Urb. & Ekman
22101805,Calyptranthes pallens Griseb.
22102473,Calyptranthes palustris Urb. & Ekman
22100320,Calyptranthes paniculata Ruiz & Pav.
22102427,Calyptranthes paradoxa Urb.
22102358,Calyptranthes pauciflora O. Berg
22102511,Calyptranthes paxillata McVaugh
22101806,Calyptranthes peduncularis Alain
22102359,Calyptranthes pendula O. Berg
22102671,Calyptranthes peninsularis Bisse
22102512,Calyptranthes perlaevigata Lundell
22102580,Calyptranthes petenensis Lundell
22102474,Calyptranthes picachoana Urb. & Ekman
22102391,Calyptranthes picardae Krug & Urb.
22102571,Calyptranthes pileata D. Legrand
22102412,Calyptranthes pinetorum Britton & P. Wilson ex Britton
22102453,Calyptranthes pitoniana Urb. & Ekman
22102454,Calyptranthes pittieri Standl.
22102360,Calyptranthes platyphylla O. Berg
22101834,Calyptranthes plicata McVaugh
22102660,Calyptranthes pocsiana Borhidi
22102407,Calyptranthes polysticta Urb.
22102455,Calyptranthes pozasiana Urb.
100158774,Calyptranthes proctorii (Proctor) Acev.-Rodr.
22102456,Calyptranthes protracta Urb.
22102672,Calyptranthes pseudoapoda Bisse & Am. Rodríguez
50224601,Calyptranthes pseudobrunneica Parra-Os.
22102661,Calyptranthes pseudomoaensis Borhidi & O. Muñiz
22102363,Calyptranthes pteropoda O. Berg
22101835,Calyptranthes pulchella DC.
22102539,Calyptranthes pullei Burret ex Amshoff
22102364,Calyptranthes punctata Griseb.
22107239,Calyptranthes restingae Sobral
22102457,Calyptranthes rhodophylla Ekman & Urb.
22102368,Calyptranthes rigida Macfad. ex Griseb.
22102371,Calyptranthes rostrata Blume
22102373,Calyptranthes rotundata Griseb.
22102594,Calyptranthes rubella (O. Berg) D. Legrand
22100326,Calyptranthes rufa O. Berg
22101836,Calyptranthes rufotomentosa McVaugh
22100327,Calyptranthes ruiziana O. Berg
22102408,Calyptranthes rupicola Urb.
22102595,Calyptranthes salamensis Lundell
22102458,Calyptranthes salicifolia Urb. & Ekman
22102459,Calyptranthes samuelssonii Urb. & Ekman
100440045,Calyptranthes santalucia Sobral
22100328,Calyptranthes schiedeana O. Berg
22102081,Calyptranthes scoparia O. Berg
22102460,Calyptranthes selleana Urb. & Ekman
100440046,Calyptranthes serrana A.R. Lourenço
22100330,Calyptranthes sessilis McVaugh
100470288,Calyptranthes siberiensis Villarroel, M. Nee & Proença
22101837,Calyptranthes simulata McVaugh
22101808,Calyptranthes sintenisii Kiaersk.
22102557,Calyptranthes smithii McVaugh
100440047,Calyptranthes solitaria Sobral, O. Aguiar & Antunes
22102461,Calyptranthes sordida Urb. & Ekman
100279486,Calyptranthes sparsiflora M.L. Kawas. & B. Holst
22101838,Calyptranthes speciosa Sagot
22101839,Calyptranthes speciosa var. gigantifolia (McVaugh) McVaugh
22102540,Calyptranthes spicata Amshoff
22100331,Calyptranthes spruceana O. Berg
100401553,Calyptranthes straminea B. Holst
22100332,Calyptranthes strigipes O. Berg
22102462,Calyptranthes subcapitata Urb.
22102573,Calyptranthes tenuipes McVaugh
22102463,Calyptranthes terniflora Urb. & Ekman
22100333,Calyptranthes tessmannii Burret ex McVaugh
22102379,Calyptranthes tetraptera O. Berg
22101809,Calyptranthes thomasiana O. Berg
22102664,Calyptranthes toaensis Borhidi
22102581,Calyptranthes tonii Lundell
22102574,Calyptranthes tricona D. Legrand
22100334,Calyptranthes tridymantha Diels
100158775,Calyptranthes triflora Alain
22102082,Calyptranthes tumidonodia Schery
22102380,Calyptranthes tussaceana O. Berg
100440048,Calyptranthes ubatubana Sobral & Rochelle
22102393,Calyptranthes umbelliformis Krug & Urb.
100158776,Calyptranthes ursina Barroso & Peixoto
22102582,Calyptranthes venulosa Lundell
50327296,Calyptranthes websteri B. Holst & M.L. Kawas.
22102382,Calyptranthes widgreniana O. Berg
22102383,Calyptranthes wilsonii Griseb.
22102674,Calyptranthes woodburyi Alain
22102475,Calyptranthes yaquensis Urb. & Ekman
22102465,Calyptranthes yaraensis Urb.
100435872,Calyptranthes yasuniana M.L. Kawas. & Á.J. Pérez
22102513,Calyptranthes zanquinensis Ant. Molina
22101811,Calyptranthes zuzygium (L.) Sw.
40036073,Calyptranthes Sw.
22107138,Calyptrogenia biflora Alain
22106281,Calyptrogenia bracteosa (Urb.) Burret
22107240,Calyptrogenia cuspidata Alain
22102708,Calyptrogenia ekmanii (Urb.) Burret
22106282,Calyptrogenia grandiflora Burret
22106285,Calyptrogenia jeremiensis (Urb. & Ekman) Burret
40036127,Calyptrogenia Burret
22102123,Calyptropsidium friedrichsthalianum O. Berg
22102124,Calyptropsidium sartorianum (O. Berg) Krug & Urb.
40036159,Calyptropsidium O. Berg
22100340,Campomanesia adamantium (Cambess.) O. Berg
50214066,Campomanesia anemonea Landrum
22103882,Campomanesia aprica (Vell.) O. Berg
22103043,Campomanesia aromatica (Aubl.) Griseb.
22100342,Campomanesia aurea O. Berg
100374193,Campomanesia blanchetiana Landrum & M. Ibrahim
100440097,Campomanesia cavalcantina Soares-Silva & Proença
100440098,Campomanesia costata M. Ibrahim & Landrum
100374183,Campomanesia cucullata Proença & L. Jenn.
22103889,Campomanesia dentata O. Berg
22103780,Campomanesia dichotoma (O. Berg) Mattos
22103166,Campomanesia espiritosantensis Landrum
100160409,Campomanesia eugenioides (Cambess.) D.Legrand ex Landrum
22103886,Campomanesia fruticosa (Vell.) O. Berg
22103306,Campomanesia grandiflora (Aubl.) Sagot
22100365,Campomanesia guaviroba (DC.) Kiaersk.
22100366,Campomanesia guazumifolia (Cambess.) O. Berg
22100368,Campomanesia hirsuta Gardner
22104164,Campomanesia ilhoensis Mattos
22100371,Campomanesia laurifolia Gardner
22100372,Campomanesia lineatifolia Ruiz & Pav.
22103876,Campomanesia littoralis D. Legrand
22103812,Campomanesia lundiana (Kiaersk.) Mattos
50214064,Campomanesia macrobracteolata Landrum
22103884,Campomanesia mediterranea (Vell.) O. Berg
22103813,Campomanesia neriiflora (O. Berg) Nied.
22103814,Campomanesia pabstiana Mattos & D. Legrand
22106295,Campomanesia paranensis D. Legrand
22100379,Campomanesia phaea (O. Berg) Landrum
22100382,Campomanesia prosthecesepala Kiaersk.
22100383,Campomanesia pubescens (DC.) O. Berg
22103847,Campomanesia reitziana D. Legrand
22100393,Campomanesia rufa (O. Berg) Nied.
100160414,Campomanesia schlechtendaliana (O. Berg) Nied.
100475195,Campomanesia sepalifolia Luber & M. Ibrahim
22103202,Campomanesia sessiliflora (O. Berg) Mattos
50175053,Campomanesia simulans M.L. Kawas.
22102062,Campomanesia speciosa (Diels) McVaugh
100160417,Campomanesia terminalis (Vell.) Mattos
22106296,Campomanesia thea (Seem.) Gilg. & Straub.
22103883,Campomanesia transalpina (Vell.) O. Berg
22100403,Campomanesia velutina (Cambess.) O. Berg
50088853,Campomanesia xanthocarpa Mart. ex O. Berg
40000188,Campomanesia Ruiz & Pav.
22103158,Chamguava gentlei (Lundell) Landrum
22103162,Chamguava musarum (Standl. & Steyerm.) Landrum
22103164,Chamguava schippii (Standl.) Landrum
40037266,Chamguava Landrum
22102705,Chytraculia cuspidata (Mart. ex DC.) Kuntze
22102706,Chytraculia densiflora (Poepp. ex O. Berg) Kuntze
22102717,Chytraculia forsteri (O. Berg) Kuntze
22102733,Chytraculia longifolia (O. Berg) Kuntze
22102737,Chytraculia macrophylla (O. Berg) Kuntze
22102741,Chytraculia multiflora (Poepp. ex O. Berg) Kuntze
22102774,Chytraculia ruiziana (O. Berg) Kuntze
40008870,Chytraculia P. Browne
50318036,Curitiba prismatica (D. Legrand) Salywon & Landrum
50318035,Curitiba Salywon & Landrum
100184984,Emurtia guayaquilensis (Kunth) Raf.
40002891,Emurtia Raf.
50074628,Eugenia abbreviata Elmer
100188912,Eugenia aboukirensis Proctor
100445389,Eugenia abunan M.A.D. Souza & Sobral
22102087,Eugenia acapulcensis Steud.
22104597,Eugenia aceitillo Urb.
22104626,Eugenia acrantha Urb.
22101906,Eugenia acrensis McVaugh
100188914,Eugenia acrisepala (Proctor) Govaerts
22104634,Eugenia acunae Alain
22105442,Eugenia acutata Miq.
22104615,Eugenia acutissima Urb. & Ekman
22100411,Eugenia adenantha O. Berg
22106307,Eugenia aemula Diels
100353202,Eugenia aequatoriensis M.L. Kawas. & B. Holst
22100414,Eugenia aerosa McVaugh
22102514,Eugenia aeruginea DC.
22100416,Eugenia agathopoda Diels
22105006,Eugenia alainii Borhidi
22106753,Eugenia alaternifolia Benth.
22103466,Eugenia albicans (O. Berg) Urb.
22104866,Eugenia albida Bonpl.
22106308,Eugenia albimarginata Urb. & Ekman
22106310,Eugenia alexandri Krug & Urb.
22106311,Eugenia alnifolia McVaugh
22104820,Eugenia alpina (Sw.) Willd.
100475294,Eugenia altissima Sobral & Faria
100474526,Eugenia altoalegre Sobral & M.A.D. Souza
22102515,Eugenia amatenangensis Lundell
22104701,Eugenia amblyophylla Urb.
22104347,Eugenia amblyosepala McVaugh
100440657,Eugenia amorimii Fraga & Giaretta
100355563,Eugenia ampla M.L. Kawas. & B. Holst
22106315,Eugenia amplifolia Urb.
22104348,Eugenia amshoffae McVaugh
22104619,Eugenia anafensis Urb.
22103237,Eugenia anastomosans DC.
22103273,Eugenia andina O. Berg
22106016,Eugenia angelyana Mattos
22100423,Eugenia angustissima O. Berg
100475295,Eugenia anisomischa Sobral & K. Cout.
22105169,Eugenia anomala D. Legrand
22104677,Eugenia anthacanthoides Urb. & Ekman
100476156,Eugenia anthropophaga Costa-Lima & E.C.O. Chagas
22104351,Eugenia arawakorum Sandwith
22100426,Eugenia ardisioides Lundell
22100427,Eugenia arenaria Cambess.
22104102,Eugenia arenosa Mattos
50165646,Eugenia argyrophylla B. Holst & M.L. Kawas.
22100428,Eugenia armeniaca Sagot
100188980,Eugenia arrabidae O. Berg
100444686,Eugenia arrhaphocalyx Barrie, I. Vergara & McPherson
22104945,Eugenia arvensis Vell.
100474532,Eugenia asema Sobral, I.G. Costa & M.C. Souza
22104586,Eugenia asperifolia O. Berg
22100429,Eugenia astringens Cambess.
22104221,Eugenia atrata Mattos & D. Legrand
22104629,Eugenia atricha Urb.
22100431,Eugenia atroracemosa McVaugh
22101907,Eugenia atrosquamata McVaugh
22100432,Eugenia augustana Kiaersk.
22102838,Eugenia aurata O. Berg
22102089,Eugenia austin-smithii Standl.
22106332,Eugenia avicenniae Standl.
22101721,Eugenia axillaris (Sw.) Willd.
22104717,Eugenia ayacuchae Steyerm.
100440656,Eugenia azeda Sobral
22100433,Eugenia azurensis O. Berg
22105375,Eugenia bacopari D. Legrand
100188999,Eugenia badia O. Berg
22106031,Eugenia bahiana Mattos
22100435,Eugenia bahiensis DC.
100189001,Eugenia bahorucana Alain
22104352,Eugenia baileyi Britton
22102900,Eugenia bajaverapazana Lundell
22102126,Eugenia balancanensis Lundell
22104591,Eugenia banderensis Urb.
22101908,Eugenia barbata McVaugh
100440654,Eugenia barrana Sobral
22106339,Eugenia basilaris McVaugh
100189016,Eugenia batavorum (McVaugh) Mattos
22107209,Eugenia batingabranca Sobral
22104651,Eugenia bayatensis Urb.
22105340,Eugenia beaurepairiana (Kiaersk.) D. Legrand
100189020,Eugenia belemii (Mattos) Mattos
22104353,Eugenia belemitana McVaugh
22106340,Eugenia belladerensis Urb. & Ekman
50214519,Eugenia belloi Barrie
22106342,Eugenia bergii Nied.
100189026,Eugenia beruttii (Mattos) Mattos
22104585,Eugenia beyeri Urb.
22101722,Eugenia biflora (L.) DC.
22102860,Eugenia bimarginata DC.
100474541,Eugenia binata Mazine & Sobral
22100439,Eugenia blanchetiana O. Berg
50183627,Eugenia blanda Sobral
22104138,Eugenia bocainensis Mattos
100189038,Eugenia boliviana (D. Legrand) Mattos
22101723,Eugenia boqueronensis Britton
22101724,Eugenia borinquensis Britton
100189043,Eugenia botequimensis Kiaersk.
100444694,Eugenia brachyblastiflora Barrie, C.A. Ramos & O. Ortiz
22106354,Eugenia brachyclada Urb. & Ekman
22100443,Eugenia brachysepala Kiaersk.
22106355,Eugenia brachythrix Urb.
22100444,Eugenia bracteata Rich.
22104942,Eugenia brasiliana (L.) Aubl.
22100447,Eugenia brasiliensis Lam.
50214520,Eugenia breedlovei Barrie
100365353,Eugenia brejoensis Mazine
100476157,Eugenia breviacuminata M.A.D. Souza & Sobral
22104661,Eugenia brevipes A. Rich.
100440653,Eugenia breviracemosa Mazine
22105262,Eugenia brevistila D. Legrand
22106359,Eugenia brownei Urb.
22103455,Eugenia brownsbergii Amshoff
100000758,Eugenia brunneopubescens Mazine
22105506,Eugenia brunoi Mattos
100435873,Eugenia bullatifolia M.L. Kawas. & Á.J. Pérez
22100449,Eugenia bumelioides Standl.
22106361,Eugenia bunchosiifolia Nied.
22105165,Eugenia burkartiana (D. Legrand) D. Legrand
22104356,Eugenia byssacea McVaugh
100445378,Eugenia caatingicola K. Cout. & M. Ibrahim
22100452,Eugenia cachoeirensis O. Berg
22102518,Eugenia cacuminum Standl. & Steyerm.
100365350,Eugenia caducibracteata Mazine
100475296,Eugenia caducipetala M.A.D. Souza & Scud.
22106364,Eugenia cahosiana Urb. & Ekman
22105029,Eugenia cajalbanica Borhidi & O. Muñiz
100408469,Eugenia calimensis Parra-Os.
22104358,Eugenia callichroma McVaugh
100475297,Eugenia caloneura Sobral & Rigueira
22106365,Eugenia calumettae Urb. & Ekman
22100454,Eugenia calva McVaugh
22100455,Eugenia calycina Cambess.
22104652,Eugenia camarioca C. Wright
100476158,Eugenia cambemba Costa-Lima & E.C.O. Chagas
100440652,Eugenia cambucae Mattos
100476159,Eugenia campina Sobral & M.A.D. Souza
22100459,Eugenia cana DC.
22104648,Eugenia canapuensis Urb.
22100460,Eugenia candolleana DC.
100189095,Eugenia capillipes Borhidi
100189098,Eugenia capitulifera O. Berg
100000759,Eugenia capixaba Mazine
22105268,Eugenia capparidifolia DC.
22102519,Eugenia capuli (Schltdl. & Cham.) Hook. & Arn.
22102520,Eugenia capulioides Lundell
50214521,Eugenia cararaensis Barrie & Q. Jiménez
22100461,Eugenia cartagensis O. Berg
22104869,Eugenia casearioides (Kunth) DC.
100353203,Eugenia castaneiflora M.L. Kawas. & B. Holst
100440651,Eugenia cataphyllea M.C. Souza & Sobral
22100467,Eugenia catharinae O. Berg
22105607,Eugenia catharinensis D. Legrand
22104636,Eugenia catingiflora Griseb.
22106012,Eugenia cavalcanteana Mattos
22102912,Eugenia cayoana Lundell
22104567,Eugenia ceibana Urb.
22100469,Eugenia cerasiflora Miq.
22105374,Eugenia cereja D. Legrand
100475298,Eugenia cerradensis Sobral & Faria
50274474,Eugenia cerrocacaoensis Barrie
22102521,Eugenia cervina Standl. & Steyerm.
22107144,Eugenia chacueyana Alain
22102914,Eugenia chahalana Lundell
22101916,Eugenia chartacea McVaugh
50214522,Eugenia chavarriae Barrie
22102091,Eugenia chepensis Standl.
22102522,Eugenia chiapensis Lundell
22102523,Eugenia chinajensis Standl. & Steyerm.
22100471,Eugenia chiquitensis O. Berg
22100472,Eugenia chlorocarpa O. Berg
50324796,Eugenia chlorophylla O. Berg
22102524,Eugenia choapamensis Standl.
22106375,Eugenia christii Urb.
22106376,Eugenia chrootricha Urb. & Ekman
22107145,Eugenia chrootrichoides Proctor
22100475,Eugenia chrysobalanoides DC.
22102092,Eugenia chrysophyllum Poir.
50292737,Eugenia churutensis Cornejo
22104664,Eugenia cincta Griseb.
22100480,Eugenia cinerascens Gardner
100475315,Eugenia circumdata Mazine & Sobral
22104360,Eugenia citrifolia Poir.
22102525,Eugenia citroides Lundell
22106380,Eugenia clarendonensis Urb.
22104563,Eugenia clarensis Britton & P. Wilson
100189150,Eugenia coaetanea O. Berg
100189152,Eugenia coccifera O. Berg
100445381,Eugenia coccinea K. Cout. & M. Ibrahim
50214524,Eugenia cocosensis Barrie
100475759,Eugenia coetzalensis Durán-Esp. & Cast.-Campos
22103442,Eugenia coffeifolia DC.
50214526,Eugenia coibensis Barrie
22102128,Eugenia colipensis O. Berg
22102093,Eugenia coloradoensis Standl.
50306507,Eugenia complicata O. Berg
22103467,Eugenia compta O. Berg
50327297,Eugenia concava B. Holst & M.L. Kawas.
100189162,Eugenia conchalensis D. Legrand & Mattos
22106040,Eugenia concolor Mattos
50226151,Eugenia conduplicata B. Holst
22101725,Eugenia confusa DC.
22100489,Eugenia congestissima Diels
22104361,Eugenia conjuncta Amshoff
22107217,Eugenia constanzae Alain
22105344,Eugenia convexinervia D. Legrand
22106384,Eugenia copacabanensis Kiaersk.
22106385,Eugenia corcovadensis Kiaersk.
22101726,Eugenia cordata (Sw.) DC.
22100491,Eugenia correae O. Berg
22103502,Eugenia corrientina Barb. Rodr.
50214527,Eugenia corusca Barrie
22102094,Eugenia costaricensis O. Berg
100000760,Eugenia costatifructa Mazine
22104362,Eugenia cowanii McVaugh
22104686,Eugenia cowellii Britton & P. Wilson
22106390,Eugenia coyolensis Standl.
100368219,Eugenia crassa Sobral
100189197,Eugenia crassicaulis Proctor
100353204,Eugenia crassimarginata M.L. Kawas. & B. Holst
22104946,Eugenia crenata Vell.
22102919,Eugenia crenularis Lundell
22104684,Eugenia crenulata (Sw.) Willd.
22104363,Eugenia cribrata McVaugh
22102130,Eugenia cricamolensis Standl.
50310838,Eugenia cristaensis O. Berg
22104655,Eugenia cristalensis Urb.
22104705,Eugenia cristata C. Wright
22100496,Eugenia crucicalyx McVaugh
22104364,Eugenia cuaoensis McVaugh
22104365,Eugenia cucullata Amshoff
100440650,Eugenia culicina Sobral
22106394,Eugenia culminicola McVaugh
100381751,Eugenia culta Sobral
22106396,Eugenia cuprea (O. Berg) Nied.
22103276,Eugenia cupulata Amshoff
22104645,Eugenia cupuligera Urb.
100476160,Eugenia curuba Costa-Lima & E.C.O. Chagas
22100501,Eugenia curvipilosa McVaugh
22101917,Eugenia curvivenia McVaugh
22101918,Eugenia cuspidifolia DC.
22104698,Eugenia cycloidea Urb.
22100504,Eugenia cydoniifolia O. Berg
22100505,Eugenia cymatodes O. Berg
22104649,Eugenia cyphophloea Griseb.
50214363,Eugenia darcyi Barrie
100189238,Eugenia decussata (Vell.) Mattos
22106400,Eugenia delpechiana Urb. & Ekman
22104367,Eugenia denigrata McVaugh
100440649,Eugenia densiracemosa Mazine & Faria
22104369,Eugenia dentata (O. Berg) Nied.
22100511,Eugenia diantha O. Berg
22101919,Eugenia dibrachiata McVaugh
50306508,Eugenia dichroma O. Berg
22100517,Eugenia dictyophleba O. Berg
22106406,Eugenia dictyophylla Urb.
22100518,Eugenia dimorpha O. Berg
100440648,Eugenia dipetala Sobral & L. Kollmann
22100519,Eugenia diplocampta Diels
100189256,Eugenia discolorans C. Wright
22101920,Eugenia discors McVaugh
22101921,Eugenia discreta McVaugh
22104947,Eugenia disperma Vell.
22104621,Eugenia disticha (Sw.) DC.
22104622,Eugenia disticha var. galalonensis C. Wright ex Griseb.
22100521,Eugenia dittocrepis O. Berg
100189260,Eugenia diversiflora O. Berg
22100525,Eugenia dodonaeifolia Cambess.
22101729,Eugenia domingensis O. Berg
100444697,Eugenia donosoensis Barrie, C.A. Ramos & O. Ortiz
22103052,Eugenia doubledayi Standl.
22100528,Eugenia duarteana Cambess.
22104983,Eugenia duchassaingiana O. Berg
22105346,Eugenia dulcis O. Berg
22104613,Eugenia duplicata Britton & P. Wilson ex Acev.-Rodr. & M.T. Strong
22104984,Eugenia dussii Krug & Urb.
22100529,Eugenia dysantha Benth.
22100530,Eugenia dysenterica DC.
50183628,Eugenia earhartii Acev.-Rodr.
22104599,Eugenia earlei Britton & P. Wilson
50274639,Eugenia earthiana P.E. Sánchez
22101922,Eugenia egensis DC.
22101730,Eugenia eggersii Kiaersk.
50192413,Eugenia ehrenbergiana O. Berg
22102922,Eugenia eliasii Lundell
22100532,Eugenia ellipsoidea Kiaersk.
22106421,Eugenia elongata Nied.
22104370,Eugenia emarginata (Kunth) DC.
100189288,Eugenia enormis (McVaugh) Mattos
22101924,Eugenia ependytes McVaugh
22106423,Eugenia eperforata Urb.
22104589,Eugenia eriantha Urb.
100440647,Eugenia espinhacensis Bünger & Sobral
22104371,Eugenia essequiboensis Sandwith
50214532,Eugenia esteliensis Barrie
22100536,Eugenia eurycheila O. Berg
22104374,Eugenia exaltata O. Berg
22100540,Eugenia excelsa O. Berg
22104663,Eugenia excisa Urb.
100189299,Eugenia excoriata O. Berg
100189302,Eugenia expansa Spring ex Mart.
100189303,Eugenia ezechiasii (Mattos) Mattos
22101866,Eugenia fallax Rich.
22102526,Eugenia farameoides A. Rich.
50214533,Eugenia farinacea Barrie
100444597,Eugenia farneyi Faria & Proença
22103432,Eugenia fasciculiflora O. Berg
22100542,Eugenia feijoi O. Berg
100381862,Eugenia fernandez-alonsoi Parra-Os.
22100544,Eugenia ferreiraeana O. Berg
100189313,Eugenia ferruginosa (Mattos) Mattos
22101974,Eugenia fimbriata (Kunth) DC.
100189325,Eugenia fissurata (O. Berg) Mattos
22100546,Eugenia flamingensis O. Berg
22100547,Eugenia flava O. Berg
22100548,Eugenia flavescens DC.
22102527,Eugenia flavoviridis Lundell
22102131,Eugenia floribunda H. West ex Willd.
22100551,Eugenia florida DC.
50306509,Eugenia fluminensis O. Berg
22101731,Eugenia foetida Pers.
100474528,Eugenia fortuita M.A.D. Souza & Sobral
100189339,Eugenia francavilleana O. Berg
22104378,Eugenia froesii McVaugh
100445379,Eugenia funchiana K. Cout. & M. Ibrahim
22100559,Eugenia fusca O. Berg
22102096,Eugenia galalonensis (C. Wright ex Griseb.) Krug & Urb.
100189352,Eugenia galbaoensis (Mattos) Mattos
22104633,Eugenia galeata Urb.
100444596,Eugenia gastropogena Faria & Proença
50310839,Eugenia gaudichaudiana O. Berg
22102300,Eugenia gaumeri Standl.
22100564,Eugenia gemmiflora O. Berg
100189360,Eugenia geraensis (D. Legrand & Mattos) Mattos
22104639,Eugenia gibberosa Urb.
22102928,Eugenia gigas Lundell
22101732,Eugenia glabrata (Sw.) DC.
100440646,Eugenia glabrescens Mazine
22100566,Eugenia glandulosa Cambess.
22103046,Eugenia glandulosopunctata P.E. Sánchez & Poveda
100368223,Eugenia goiapabana Sobral & Mazine
22100570,Eugenia gomesiana O. Berg
50214534,Eugenia gomezii Barrie
22106448,Eugenia gonavensis Urb.
22107338,Eugenia gongylocarpa M.L. Kawas. & B. Holst
22100572,Eugenia gracillima Kiaersk.
22100574,Eugenia grandifolia O. Berg
100445360,Eugenia grandissima Sobral, Mazine & E.A.D. Melo
50214535,Eugenia grayumii Barrie
22104218,Eugenia grazielae Mattos & D. Legrand
100189388,Eugenia greggii (Sw.) Poir.
22104703,Eugenia grifensis Urb.
50214536,Eugenia grijalvae Barrie
100189391,Eugenia grisea C.B. Rob.
22104623,Eugenia grisebachii Krug & Urb.
22104379,Eugenia griseiflora McVaugh
50327298,Eugenia grossa B. Holst & M.L. Kawas.
22104989,Eugenia gryposperma Krug & Urb.
100481618,Eugenia guanabarina (Mattos & D. Legrand) Giaretta & M.C. Souza
22104578,Eugenia guanensis Urb.
22102528,Eugenia guatemalensis Donn. Sm.
22100577,Eugenia guayaquilensis (Kunth) DC.
22100578,Eugenia guayaquilensis var. glabrior Benth.
22104276,Eugenia guianensis Aubl.
50214537,Eugenia haberi Barrie
22101733,Eugenia haematocarpa Alain
22106264,Eugenia hagelundii Mattos
22106453,Eugenia haitiensis Krug & Urb.
22101979,Eugenia hallii O. Berg
50310840,Eugenia hamiltonii (Mattos) Mattos
50214538,Eugenia hammelii Barrie
22105350,Eugenia handroana D. Legrand
100189398,Eugenia handroi (Mattos) Mattos
100189401,Eugenia hanoverensis Proctor
22106455,Eugenia harrisii Krug & Urb.
22106042,Eugenia hartmanniae Mattos
50214539,Eugenia hartshornii Barrie
22103501,Eugenia hassleriana Barb. Rodr.
100440645,Eugenia hatschbachii Mazine
22100580,Eugenia herbacea O. Berg
22104120,Eugenia heringeriana Mattos
22106015,Eugenia hermesiana Mattos
50214540,Eugenia herrerae Barrie
22106459,Eugenia heterochroa Urb.
22100581,Eugenia heterochroma Diels
22104571,Eugenia heterophylla A. Rich.
22101925,Eugenia hexovulata McVaugh
22100582,Eugenia hiemalis Cambess.
22107220,Eugenia higueyana Alain
22100583,Eugenia hilariana DC.
22102930,Eugenia hintonii Lundell
22103063,Eugenia hiraeifolia Standl.
22100584,Eugenia hirta O. Berg
100440644,Eugenia hispidiflora Sobral & M.C. Souza
22104990,Eugenia hodgei McVaugh
22107221,Eugenia holdridgei Alain
22102529,Eugenia hondurensis Ant. Molina
22107147,Eugenia howardiana Proctor
100468819,Eugenia huasteca Sánchez-Cháv. & Zamudio
22105591,Eugenia humilis (O. Berg) Phil.
22107346,Eugenia hyemalis Cambess.
22102530,Eugenia hypargyrea Standl.
22102596,Eugenia ibarrae Lundell
22104560,Eugenia ignota Britton & P. Wilson
22106462,Eugenia ilalensis Hieron.
22100592,Eugenia ilhensis O. Berg
22101926,Eugenia illepida McVaugh
22105263,Eugenia imaruiensis D. Legrand
22100594,Eugenia imbricata O. Berg
22106033,Eugenia impressa (O. Berg) Mattos
22105351,Eugenia impunctata O. Berg
22100595,Eugenia incanescens Benth.
22106463,Eugenia inconspicua Standl.
100475316,Eugenia indistincta Sobral & Stadnik
22104731,Eugenia inirebensis P.E. Sánchez
50192461,Eugenia intermedia O. Berg
50214541,Eugenia intibucana Barrie
22100598,Eugenia inundata DC.
100189449,Eugenia inversa Sobral
22100601,Eugenia involucrata DC.
100189450,Eugenia irirensis O. Berg
22105326,Eugenia isabeliana Kiaersk.
100189453,Eugenia ischnosceles O. Berg
22106464,Eugenia isosticta Urb.
22104119,Eugenia itacarensis Mattos
22106465,Eugenia itaguahiensis Nied.
22100603,Eugenia itahypensis O. Berg
22100604,Eugenia itajurensis Cambess.
22100605,Eugenia itapemirimensis Cambess.
100475317,Eugenia itaunensis Giaretta & Peixoto
22104696,Eugenia iteophylla Krug & Urb.
22102931,Eugenia izabalana Lundell
50192453,Eugenia jamaicensis O. Berg
22107223,Eugenia jambosoides C. Wright ex Griseb.
22100607,Eugenia janeirensis O. Berg
22107225,Eugenia jimenezii Alain
100440643,Eugenia joenssonii Kausel
100474377,Eugenia joseramosii M.A.D. Souza & Scudeller
100476161,Eugenia jussara Costa-Lima & E.C.O. Chagas
22102597,Eugenia jutiapensis Standl. & Steyerm.
22104383,Eugenia kaieteurensis Amshoff
22102598,Eugenia karwinskyana O. Berg
100189485,Eugenia kellyana Proctor
100475318,Eugenia kerianthera M.A.D. Souza
22105353,Eugenia kleinii D. Legrand
22100612,Eugenia klotzschiana O. Berg
22103024,Eugenia koepperi Standl.
100440642,Eugenia krapovickasiana Mattos
100386448,Eugenia krukoffiana (Kausel) B. Holst
100475319,Eugenia kuekii Giaretta & Peixoto
22104229,Eugenia kuhlmanniana Mattos & D. Legrand
100440641,Eugenia lacistema Sobral
22104609,Eugenia laeteviridis Urb.
22102599,Eugenia laevis O. Berg
22106471,Eugenia lagoensis Kiaersk.
22100616,Eugenia lambertiana DC.
22106472,Eugenia lamprophylla Urb.
22102602,Eugenia lancetillae Standl.
22100618,Eugenia langsdorffii O. Berg
22100619,Eugenia laruotteana Cambess.
22103265,Eugenia latifolia Aubl.
100189520,Eugenia laurae Proctor
22105093,Eugenia laxa DC.
22104733,Eugenia ledophylla (Standl.) McVaugh
50214542,Eugenia lempana Barrie
22106039,Eugenia leonanii Mattos
100189529,Eugenia leonorae (O. Berg) Mattos
22100622,Eugenia lepidota O. Berg
22100623,Eugenia leptoclada O. Berg
22102603,Eugenia letreroana Lundell
22100626,Eugenia leucadendron O. Berg
100189541,Eugenia lhotzkyana O. Berg
22104618,Eugenia libanensis Urb.
22103025,Eugenia liebmannii Standl.
50214544,Eugenia liesneri Barrie
22101736,Eugenia ligustrina (Sw.) Willd.
22104699,Eugenia ligustroides Urb.
22100003,Eugenia lilloana D. Legrand
22101985,Eugenia limbata (Kunth) DC.
22101930,Eugenia limbosa O. Berg
22106475,Eugenia lindahlii Urb. & Ekman
22106478,Eugenia linearis Rich. ex Berg
22104611,Eugenia lineata (Sw.) DC.
22106482,Eugenia lineolata Urb. & Ekman
100475320,Eugenia lisboae M.A.D. Souza
50214545,Eugenia lithosperma Barrie
50071826,Eugenia livida Elmer
50214563,Eugenia locuples Standl. & L.O. Williams ex Barrie
22104564,Eugenia loeseneri Urb.
22104612,Eugenia lomensis Britton & P. Wilson
100470292,Eugenia lomeroensis Villarroel & Bezerra
100476162,Eugenia longa M.A.D. Souza & Sobral
100000761,Eugenia longibracteata Mazine
22101931,Eugenia longicuspis McVaugh
22100635,Eugenia longifolia DC.
22106483,Eugenia longipedunculata Nied.
100189564,Eugenia longipetiolata (O. Berg) Mattos
22100636,Eugenia longiracemosa Kiaersk.
100353205,Eugenia longisepala M.L. Kawas. & B. Holst
100481632,Eugenia longohypanthiata Giaretta
22104644,Eugenia lucens Alain
22103456,Eugenia luciae Amshoff
100367664,Eugenia ludoviciana Gómez-Laur.
100440640,Eugenia luetzelburgii Burret & Luetzelb.
100189572,Eugenia luschnathiana (O. Berg) Klotzsch ex B.D. Jacks.
22100643,Eugenia macahensis O. Berg
22104217,Eugenia macedoi Mattos & D. Legrand
22106489,Eugenia macnabiana Urb.
22106491,Eugenia macradenia Urb. & Ekman
22106492,Eugenia macrantha O. Berg
22104146,Eugenia macrobracteolata Mattos
22101932,Eugenia macrocalyx (Rusby) McVaugh
22100648,Eugenia macrosperma DC.
22104693,Eugenia maestrensis Urb.
50226153,Eugenia magna B. Holst
22104224,Eugenia magnibracteolata Mattos & D. Legrand
100189586,Eugenia magnifica Spring ex Mart.
50214546,Eugenia magniflora Barrie
100478647,Eugenia magnisepala Bünger & Mazine
22102936,Eugenia magoana Lundell
22105382,Eugenia malacantha D. Legrand
22101934,Eugenia malpighioides (Kunth) DC.
100476163,Eugenia mammifera Costa-Lima & E.C.O. Chagas
100189599,Eugenia manausensis (Mattos & D. Legrand) Mattos
22106494,Eugenia mandevillensis Urb.
100189602,Eugenia mandioccensis O. Berg
22101935,Eugenia mandonii McVaugh
100189606,Eugenia mansoi O. Berg
22100653,Eugenia mansoni O. Berg
22103500,Eugenia maracayuensis Barb. Rodr.
100189607,Eugenia marambaiensis M.C. Souza & M.P. Lima
100371479,Eugenia marchiana Griseb.
100476167,Eugenia marieensis Sobral & M.A.D. Souza
100475323,Eugenia marleneae M.A.D. Souza & M. Mendonça
22103193,Eugenia marlierioides Rusby
22103446,Eugenia marowynensis Miq.
100189615,Eugenia martiana (O. Berg) Mattos
22103047,Eugenia matagalpensis P.E. Sánchez
100440638,Eugenia mattogrossensis Sobral
22105365,Eugenia mattosii D. Legrand
22102604,Eugenia matudae Lundell
100189619,Eugenia maxima (McVaugh) Mattos
50214547,Eugenia mcphersonii Barrie
50306506,Eugenia mcvaughii Steyerm. & Lasser
100189621,Eugenia megaflora (O. Berg) Govaerts
22104590,Eugenia megalopetala Griseb.
22104675,Eugenia melanadenia Krug & Urb.
50183631,Eugenia melanogyna (D. Legrand) Sobral
22106497,Eugenia membranifolia Nied.
22104679,Eugenia mensurensis Urb.
22104718,Eugenia meridensis Steyerm.
22103248,Eugenia mexicana Steud.
100447151,Eugenia michaelneei Villarroel & Faria
22102937,Eugenia michoacanensis Lundell
22100664,Eugenia micranthoides McVaugh
22105110,Eugenia micropora DC.
100189642,Eugenia mikanioides O. Berg
22104388,Eugenia mimus McVaugh
22106505,Eugenia minguetii Urb.
22104389,Eugenia minuscula McVaugh
22102967,Eugenia mirandae Merr.
22105270,Eugenia modesta DC.
100189654,Eugenia moensis Britton & P. Wilson
50214548,Eugenia molinae Barrie
100189655,Eugenia mollicoma Mart. ex O. Berg
22104690,Eugenia mollifolia Urb.
100189661,Eugenia monosperma Vell.
50214549,Eugenia monteverdensis Barrie
22101740,Eugenia monticola (Sw.) DC.
22100670,Eugenia moonioides O. Berg
22100671,Eugenia moraviana O. Berg
50165648,Eugenia morii B. Holst & M.L. Kawas.
22100673,Eugenia moritziana H. Karst.
100189669,Eugenia moschata (Aubl.) Nied. ex T. Durand & B.D. Jacks.
22107255,Eugenia mosenii (Kausel) Sobral
22104734,Eugenia mozomboensis P.E. Sánchez
22104556,Eugenia mucronata O. Berg
100475324,Eugenia mucugensis Sobral
22105362,Eugenia multicostata D. Legrand
22101936,Eugenia multirimosa McVaugh
22100679,Eugenia muricata DC.
22102831,Eugenia myrcianthes Nied.
50262170,Eugenia myrciariifolia Soares-Silva
22100683,Eugenia myrobalana DC.
22101990,Eugenia myrsinoides (Kunth) Burret ex Diels
22104704,Eugenia naguana Urb.
22106520,Eugenia nannophylla Urb. & Ekman
100449809,Eugenia naraveana Cházaro & Franc.-Gut.
100189692,Eugenia neibensis (Mattos) Mattos
22104700,Eugenia nematopoda Urb.
50183632,Eugenia neoformosa Sobral
50183634,Eugenia neoglomerata Sobral
100440639,Eugenia neogracilis Mazine & Sobral
100189698,Eugenia neograndifolia Mattos
50183637,Eugenia neolaurifolia Sobral
100440636,Eugenia neomattogrossensis Mazine
50183640,Eugenia neomyrtifolia Sobral
100481626,Eugenia neoriedeliana M.C. Souza & Giaretta
100189699,Eugenia neosericea (O. Berg) Morais & Sobral
50183642,Eugenia neosilvestris Sobral
50183643,Eugenia neotristis Sobral
50183644,Eugenia neoverrucosa Sobral
22102097,Eugenia nesiotica Standl.
22106521,Eugenia nicholsii Fawc. & Rendle
22102605,Eugenia nigrita Lundell
22104631,Eugenia nipensis Urb.
22104568,Eugenia nodulosa Urb.
22100693,Eugenia nutans O. Berg
22105383,Eugenia oblongata O. Berg
22100700,Eugenia ochrophloea Diels
22102098,Eugenia octopleura Krug & Urb.
22105299,Eugenia oeidocarpa O. Berg
22100701,Eugenia oerstediana O. Berg
22104630,Eugenia oligadenia Urb.
22106531,Eugenia oligandra Krug & Urb.
22103275,Eugenia omissa McVaugh
22105641,Eugenia ophthalmantha Kiaersk.
100189744,Eugenia orlandoi (Mattos) Mattos
22100709,Eugenia orthostemon O. Berg
22103274,Eugenia ovalis O. Berg
22102606,Eugenia ovandensis Lundell
22106537,Eugenia oxyoentophylla Kiaersk.
22104580,Eugenia oxysepala Urb.
22100712,Eugenia pachnantha O. Berg
22102607,Eugenia pachychlamys Donn. Sm.
22105377,Eugenia pachyclada D. Legrand
22104233,Eugenia pachystachya McVaugh
22104883,Eugenia pacifica Benth.
22107230,Eugenia padronii Alain
100440634,Eugenia pallidopunctata Mazine
100476172,Eugenia palmarina Costa-Lima & E.C.O. Chagas
50214550,Eugenia paloverdensis Barrie
22100715,Eugenia pantagensis O. Berg
100475325,Eugenia pantanalensis Faria & Sobral
22102608,Eugenia papalensis Standl. & Steyerm.
22104552,Eugenia papayoensis Urb.
22102880,Eugenia paracatuana O. Berg
22100717,Eugenia paranahybensis O. Berg
22106037,Eugenia paranapiacabensis Mattos
22102864,Eugenia parodiana Morong
22100719,Eugenia patens Poir.
22100720,Eugenia patrisii Vahl
22100722,Eugenia pauciflora DC.
22104671,Eugenia peninsularis Urb.
22101940,Eugenia percincta McVaugh
22102609,Eugenia percivalii Lundell
22106542,Eugenia percrenata McVaugh
22106545,Eugenia perriniana Urb. & Ekman
22100723,Eugenia persicifolia O. Berg
22104101,Eugenia peruibensis Mattos
100477646,Eugenia petaloidea Giaretta & B.S. Amorim
22104662,Eugenia petrophila Urb.
22104593,Eugenia phyllocardia Urb.
22105091,Eugenia pia DC.
22106503,Eugenia picardae Krug & Urb.
22104681,Eugenia piedraensis Urb.
22100727,Eugenia piloensis Cambess.
22106317,Eugenia pilosula Krug & Urb.
22104638,Eugenia pinariensis Urb.
22104625,Eugenia pinetorum Urb.
100440633,Eugenia pipensis A.R. Lourenço & B.S. Amorim
100189808,Eugenia pirataquinensis (Mattos) Mattos
22100729,Eugenia piresiana Cambess.
22106028,Eugenia piresii Mattos
22100730,Eugenia pisiformis Cambess.
22105111,Eugenia pistaciifolia DC.
22102882,Eugenia pitanga (O. Berg) Kiaersk.
100474544,Eugenia pithecocephala Mazine & Sobral
22106554,Eugenia pitrensis Urb.
22102100,Eugenia pittieri Standl.
22100738,Eugenia platyphylla O. Berg
22100739,Eugenia platysema O. Berg
22105404,Eugenia pleurocarpa Standl.
22106559,Eugenia plicata Nied.
100189811,Eugenia plicatocostata O. Berg
22104582,Eugenia plicatula C. Wright
22106561,Eugenia plinioides Urb. & Ekman
22100743,Eugenia pluriflora DC.
22105030,Eugenia pocsiana Borhidi
22100745,Eugenia pohliana DC.
22101941,Eugenia polyadena O. Berg
22106566,Eugenia polyclada Urb. & Ekman
22106569,Eugenia polypora Urb.
22100751,Eugenia polystachya Rich.
22104419,Eugenia polystachyoides Amshoff
22106570,Eugenia pomifera (Aubl.) Urb.
22102007,Eugenia porphyroclada O. Berg
100445383,Eugenia potiraguensis K. Cout. & M. Ibrahim
22104600,Eugenia pozasia Urb.
22104735,Eugenia praeterita McVaugh
22100754,Eugenia prasina O. Berg
22102101,Eugenia principium McVaugh
22101742,Eugenia procera (Sw.) Poir.
22104393,Eugenia producta DC.
22106574,Eugenia prolixa S. Moore
100355564,Eugenia prolongata M.L. Kawas. & B. Holst
22104394,Eugenia protenta McVaugh
22105379,Eugenia pruinosa D. Legrand
22100758,Eugenia pruniformis Cambess.
22105612,Eugenia pseudomalacantha D. Legrand
22101743,Eugenia pseudopsidium Jacq.
22100763,Eugenia psidiiflora O. Berg
22104554,Eugenia psiloclada Urb.
22104350,Eugenia ptariensis Steyerm.
22104627,Eugenia pteroclada Urb.
22106578,Eugenia puberula Nied.
22100764,Eugenia pubescens (Kunth) DC.
22107153,Eugenia pubicalyx Alain
22102942,Eugenia pueblana Lundell
22100765,Eugenia pulcherrima Kiaersk.
22101943,Eugenia punicifolia (Kunth) DC.
22102301,Eugenia purpusii Standl.
100353206,Eugenia pusilliflora M.L. Kawas. & B. Holst
22101947,Eugenia pustulescens McVaugh
22100767,Eugenia pycnantha Benth.
100384261,Eugenia pyrifera Faria & Proença
22100769,Eugenia pyriflora O. Berg
22100772,Eugenia pyriformis Cambess.
22101948,Eugenia quadrijuga McVaugh
22103445,Eugenia quadriovulata Amshoff
22101949,Eugenia quebradensis McVaugh
50214564,Eugenia quercetorum Standl. & L.O. Williams ex Barrie
100468818,Eugenia queretaroana Sánchez-Cháv. & Zamudio
22100777,Eugenia racemiflora O. Berg
22105378,Eugenia ramboi D. Legrand
22100781,Eugenia ramiflora Desv. ex Ham.
22105012,Eugenia ramonae Borhidi & O. Muñiz
22104573,Eugenia ramoniana Urb.
100474375,Eugenia ramosii M.A.D. Souza & Scud.
100475326,Eugenia rara Rigueira & Sobral
22102944,Eugenia ravenii Lundell
100440632,Eugenia regia Bünger & Sobral
22105373,Eugenia reitziana D. Legrand
22102610,Eugenia rekoi Standl.
22106584,Eugenia rendlei Urb.
22100784,Eugenia repanda O. Berg
50192416,Eugenia reticularis O. Berg
22104594,Eugenia retinadenia C. Wright
22101745,Eugenia rhombea (O. Berg) Krug & Urb.
22102006,Eugenia rhopaloides (Kunth) DC.
100476173,Eugenia rhytidocalyx M.A.D. Souza & Sobral
22100792,Eugenia rigida DC.
22104550,Eugenia rigidifolia A. Rich.
22104561,Eugenia rigidula Britton & P. Wilson
22104557,Eugenia rimosa C. Wright & Sauv. ex Urb.
100189907,Eugenia rinconiensis Mattos
22100793,Eugenia riograndis Lundell
50214551,Eugenia riosiae Barrie
100189914,Eugenia rizziniana Mattos
22104136,Eugenia rizzoana Mattos
100475327,Eugenia robustior Faria & Proença
22100799,Eugenia robustovenosa Kiaersk.
22104559,Eugenia rocana Britton & P. Wilson
100189920,Eugenia rodriguesii (Mattos & D. Legrand) Mattos
22104702,Eugenia roigii Urb.
100189921,Eugenia rojasiana (D. Legrand) Mattos
50074099,Eugenia rosariensis Borhidi
22100802,Eugenia rosea DC.
22103044,Eugenia roseiflora McVaugh
100444698,Eugenia roseola Barrie, C.A. Ramos & O. Ortiz
100444699,Eugenia roseopetala Barrie, I. Vergara & McPherson
50324798,Eugenia rostrata O. Berg
22105361,Eugenia rostrifolia D. Legrand
100381752,Eugenia rotula Sobral
22105264,Eugenia rotundicosta D. Legrand
22102945,Eugenia rubella Lundell
22102611,Eugenia rufidula Lundell
100189947,Eugenia rugosissima Sobral
100475328,Eugenia ruschiana Bünger, Mazine & Stehmann
22107155,Eugenia sachetae Proctor
100478648,Eugenia salacifolia Bünger & Mazine
22102612,Eugenia salamensis Donn. Sm.
22107234,Eugenia samanensis Alain
22104642,Eugenia samuelssonii Ekman & Urb.
50214552,Eugenia sancarlosensis Barrie
22103061,Eugenia sanjuanensis P.E. Sánchez
22103049,Eugenia sarapiquensis P.E. Sánchez
22102613,Eugenia sasoana Standl. & Steyerm.
22104665,Eugenia sauvallei Krug & Urb.
22102614,Eugenia savannarum Standl. & Steyerm.
22101956,Eugenia scalariformis McVaugh
22104575,Eugenia scaphephylla C. Wright
22100812,Eugenia schlechtendaliana O. Berg
22100813,Eugenia schomburgkii Benth.
22100814,Eugenia schottiana O. Berg
22106606,Eugenia schulziana Urb.
22101957,Eugenia schunkei McVaugh
22105366,Eugenia sclerocalyx D. Legrand
22104588,Eugenia sebastiani Urb.
100189984,Eugenia selloi (O. Berg) B.D. Jacks.
22100816,Eugenia sellowiana DC.
50214554,Eugenia selvana Barrie
100355566,Eugenia sericifolia M.L. Kawas. & B. Holst
100381753,Eugenia serraegrandis Sobral
22101747,Eugenia serrasuela Krug & Urb.
22104598,Eugenia serrei Urb.
22101748,Eugenia sessiliflora Vahl
22105092,Eugenia sessilifolia DC.
22104683,Eugenia shaferi Urb.
50214555,Eugenia shimishito Barrie
22102615,Eugenia shookii Lundell
22103270,Eugenia siggersii Standl.
22104400,Eugenia sigillata McVaugh
22102947,Eugenia siltepecana Lundell
22106611,Eugenia sinaloae Standl.
22100824,Eugenia skutchii C.V. Morton & Standl.
22106614,Eugenia sloanei Urb.
100440628,Eugenia sobraliana Giaretta & Fraga
22106618,Eugenia sodiroi Diels
22100825,Eugenia solimoensis O. Berg
22100826,Eugenia sonderiana O. Berg
22105003,Eugenia sooiana Borhidi
22104736,Eugenia sotoesparzae P.E. Sánchez
22106619,Eugenia sparsa S. Moore
22100829,Eugenia speciosa Cambess.
22100831,Eugenia sphenoides O. Berg
22100832,Eugenia sphenophylla O. Berg
22100835,Eugenia splendens O. Berg
22105422,Eugenia sprengellii DC.
22100836,Eugenia spruceana O. Berg
22104096,Eugenia squamiflora Mattos
22101750,Eugenia stahlii (Kiaersk.) Krug & Urb.
22106622,Eugenia standleyi McVaugh
22104584,Eugenia stenoptera Urb.
22100838,Eugenia stenosepala Kiaersk.
22104174,Eugenia stenosepaloides Mattos
22104553,Eugenia stenoxipha Urb.
22100839,Eugenia stephanii O. Berg
22104673,Eugenia stereophylla Urb.
22101751,Eugenia stewardsonii Britton
22105112,Eugenia stictopetala DC.
22100843,Eugenia stigmatosa DC.
22100844,Eugenia stipitata McVaugh
100279682,Eugenia strellensis O. Berg
100190032,Eugenia strictissima (O. Berg) Govaerts
100190033,Eugenia strigipes O. Berg
100476174,Eugenia studerae B.S. Amorim
22104628,Eugenia sturrockii R.A. Howard
22104402,Eugenia stylaris McVaugh
22100848,Eugenia subamplexicaulis DC.
22100849,Eugenia subavenia O. Berg
22104674,Eugenia subdisticha Urb.
22100851,Eugenia suberosa Cambess.
100475329,Eugenia submontana B.S. Amorim & M. Alves
22106628,Eugenia subreticulata Glaz.
22107156,Eugenia subspinulosa Borhidi & O. Muñiz
22100853,Eugenia subterminalis DC.
22100854,Eugenia subundulata Kiaersk.
22105431,Eugenia suffrutescens Nied.
22105433,Eugenia sulcata Spring ex Mart.
100464048,Eugenia sulcatifolia L.D. Meireles & Mazine
22106632,Eugenia sulcivenia Krug & Urb.
22100857,Eugenia supraaxillaris Spring
22104737,Eugenia symphoricarpos McVaugh
22104719,Eugenia tachirensis Steyerm.
22103463,Eugenia tafelbergica Amshoff
22104720,Eugenia tamaensis Steyerm.
22100859,Eugenia tapacumensis O. Berg
22106638,Eugenia tapirorum Standl.
50047994,Eugenia teapensis McVaugh
100190085,Eugenia teixeireana (Mattos) Mattos
22102949,Eugenia tenejapensis Lundell
100440627,Eugenia tenuiflora Mazine
22101959,Eugenia tenuimarginata McVaugh
22100865,Eugenia tenuipedunculata Kiaersk.
100440625,Eugenia tephrogyna Sobral & Proença
22104405,Eugenia tepuiensis Steyerm.
50103490,Eugenia teresae J.F. Morales
100470293,Eugenia teresa-ruiziana Villarroel & Faria
22100867,Eugenia ternatifolia Cambess.
22100868,Eugenia ternifolia O. Berg
22107340,Eugenia tetramera (McVaugh) M.L. Kawasaki & B. Holst
22100869,Eugenia tetrasticha Poepp. ex O. Berg
22106652,Eugenia theodorae Kiaersk.
22102616,Eugenia tikalana Lundell
50214556,Eugenia tilarana Barrie
100475332,Eugenia tingui Sobral
22105031,Eugenia toaensis Borhidi & O. Muñiz
22102617,Eugenia toledinensis Lundell
22104566,Eugenia tomasina Urb.
22100872,Eugenia tomentosa Aubl.
22102951,Eugenia tonii Lundell
100475868,Eugenia tovomita Sobral & M.A.D. Souza
22106657,Eugenia trahyra Barb. Rodr.
100474533,Eugenia trichogyna Sobral, I.G. Costa & M.C. Souza
22102618,Eugenia trikii Lundell
22100873,Eugenia trinervia Vahl
22100874,Eugenia trinitatis DC.
22100877,Eugenia triquetra O. Berg
22100878,Eugenia triquetra var. aequatorialis O. Berg
22100879,Eugenia truncata O. Berg
22103028,Eugenia trunciflora (Schltdl. & Cham.) O. Berg
22104581,Eugenia tuberculata (Kunth) DC.
100388423,Eugenia tumescens B.S. Amorim & M. Alves
22101960,Eugenia tumulescens McVaugh
22106664,Eugenia turneri McVaugh
22101961,Eugenia ulei (Diels) McVaugh
22102625,Eugenia uliginosa Lundell
22104964,Eugenia umbellata Spreng.
22104410,Eugenia umbonata McVaugh
22100884,Eugenia umbrosa O. Berg
100381754,Eugenia unana Sobral
22101752,Eugenia underwoodii Britton
22104411,Eugenia undulata Aubl.
22101634,Eugenia uniflora L.
22106666,Eugenia uninervia Rusby
22102952,Eugenia ursina Lundell
22100885,Eugenia uruguayensis Cambess.
22104739,Eugenia uxpanapensis P.E. Sánchez & L.M. Ortega
22102619,Eugenia vacana Lundell
100440624,Eugenia valsuganana Sobral
22105397,Eugenia valvata McVaugh
22106668,Eugenia vanderveldei Urb. & Ekman
22104565,Eugenia varia Britton & P. Wilson
22106669,Eugenia variareolata McVaugh
100190145,Eugenia vattimoana (O. Berg) Mattos
100476175,Eugenia veadeirensis Villarroel & Faria
22100893,Eugenia venezuelensis O. Berg
100447655,Eugenia veraguensis Rod. Flores & A. Ibáñez
22102953,Eugenia verapazensis Lundell
50291556,Eugenia vernicosa O. Berg
50214558,Eugenia verruculata Barrie
22101962,Eugenia versicolor McVaugh
22105420,Eugenia verticillata (Vell.) Angely
22102620,Eugenia vesca Lundell
22100895,Eugenia vetula DC.
22107157,Eugenia victoriana Cuatrec.
22104697,Eugenia victorinii Alain
22106673,Eugenia vigiensis Urb.
22100896,Eugenia villae-novae Kiaersk.
100190161,Eugenia violascens O. Berg
22100899,Eugenia viridiflora Cambess.
100190167,Eugenia viridis (Vell.) O. Berg
100440623,Eugenia viscacea Sobral
22106346,Eugenia wallenii Macfad.
100190178,Eugenia websteri Proctor
22103436,Eugenia wentii Amshoff
100190179,Eugenia widgrenii Sond. ex O. Berg
22106680,Eugenia wilsonella Fawc. & Rendle
22102621,Eugenia winzerlingii Standl.
22103233,Eugenia woodburyana Alain
22104555,Eugenia woodfrediana Urb.
22103464,Eugenia wullschlaegeliana Amshoff
100190192,Eugenia wurdackii (McVaugh) Mattos
22103368,Eugenia xalapensis (Kunth) DC.
22100902,Eugenia xanthoxyloides Cambess.
22106681,Eugenia xilitlensis McVaugh
22104087,Eugenia xiriricana Mattos
22104616,Eugenia xystophylla O. Berg
50303448,Eugenia yasuniana B. Holst & M.L. Kawas.
50226154,Eugenia yatuae (McVaugh) B. Holst
22102954,Eugenia yautepecana Lundell
22102622,Eugenia yucatanensis Standl.
22107159,Eugenia yumana Alain
22100903,Eugenia yunckeri Standl.
22103066,Eugenia zelayensis P.E. Sánchez
100475335,Eugenia zigzag K. Cout. & Sobral
22100904,Eugenia zuccarinii O. Berg
50214560,Eugenia zuchowskiae Barrie
40006825,Eugenia L.
22105744,Hottea crispula (Urb.) Urb.
50191715,Hottea ekmanii (Urb.) Borhidi
22105746,Hottea goavensis Urb.
22105751,Hottea malangensis (Urb. & Ekman) Urb.
22105747,Hottea micrantha Urb. & Ekman
22105748,Hottea miragoanae Urb.
50191716,Hottea moana (Borhidi & O. Muñiz) Borhidi
50200335,Hottea neibensis Alain
22105749,Hottea torbeciana Urb. & Ekman
40027834,Hottea Urb.
22102226,Legrandia concinna (Phil.) Kausel
40003370,Legrandia Kausel
22102227,Luma apiculata (DC.) Burret
22102228,Luma chequen (Feuillée ex Molina) A. Gray
40009738,Luma A. Gray
22105804,Marlierea acuminatissima (O. Berg) D. Legrand
22105806,Marlierea affinis (O. Berg) D. Legrand
22100945,Marlierea angustifolia (O. Berg) Mattos
22105572,Marlierea antonia (O. Berg) D. Legrand
22101817,Marlierea areolata McVaugh
22101818,Marlierea bipennis (O. Berg) McVaugh
22103341,Marlierea biptera Amshoff
22104241,Marlierea buxifolia Amshoff
22104242,Marlierea caesariata McVaugh
22103239,Marlierea cana McVaugh
100220032,Marlierea capitata O. Berg
22100948,Marlierea caudata McVaugh
100220033,Marlierea choriophylla Kiaersk.
22105202,Marlierea clausseniana (O. Berg) Kiaersk.
50226185,Marlierea convexivenia B. Holst
22106043,Marlierea cordata Mattos
22104243,Marlierea cuprea Amshoff
22100950,Marlierea dimorpha O. Berg
22104255,Marlierea ensiformis McVaugh
100220034,Marlierea estrellensis O. Berg
22105813,Marlierea eugenioides (Cambess.) D. Legrand
22102796,Marlierea eugeniopsoides (D. Legrand & Kausel) D. Legrand
22100951,Marlierea excoriata Mart.
22104232,Marlierea ferruginea (Poir.) McVaugh
50226188,Marlierea foveolata B. Holst
22105818,Marlierea gardneriana (O. Berg) Nied.
22105573,Marlierea gaudichaudiana (O. Berg) Loefgren & Everett
22100952,Marlierea glabra Cambess.
22100954,Marlierea glazioviana Kiaersk.
22104193,Marlierea guanabarina Mattos & D. Legrand
22102106,Marlierea guildingiana (Griseb.) Krug & Urb.
22101821,Marlierea imperfecta McVaugh
22100956,Marlierea insculpta Diels
22104246,Marlierea insignis McVaugh
22105822,Marlierea involucrata (O. Berg) Nied.
22103031,Marlierea karuaiensis (Steyerm.) McVaugh
22107165,Marlierea krapovickae D. Legrand
22100957,Marlierea laevigata (DC.) Kiaersk.
22100958,Marlierea langsdorffii O. Berg
100220035,Marlierea lealcostae G.M. Barroso & Peixoto
22104248,Marlierea ligustrina McVaugh
22104258,Marlierea lituatinervia (O. Berg) McVaugh
22105825,Marlierea luschnathiana (O. Berg) D. Legrand
22104249,Marlierea macrophylla Amshoff
22104254,Marlierea maguirei McVaugh
50198589,Marlierea martinelii G.M. Barroso & Peixoto
50226191,Marlierea mcvaughii B. Holst
22105175,Marlierea mesoamericana P.E. Sánchez
22103338,Marlierea montana (Aubl.) Amshoff
22103340,Marlierea multiglomerata Amshoff
22105827,Marlierea neuwiediana (O. Berg) Nied.
22100960,Marlierea obscura O. Berg
22105828,Marlierea obversa D. Legrand
22105830,Marlierea occhionii D. Legrand
22100965,Marlierea parvifolia O. Berg
22105832,Marlierea polygama (O. Berg) D. Legrand
22104292,Marlierea pudica McVaugh
22100966,Marlierea racemosa (Vell.) Kiaersk.
22100967,Marlierea regeliana O. Berg
22105196,Marlierea reitzii D. Legrand
100220037,Marlierea resupinata (Vell.) O. Berg
22100969,Marlierea riedeliana (O. Berg) D. Legrand
22100970,Marlierea rubiginosa (Cambess.) D. Legrand
100220038,Marlierea rufa (Vell.) O. Berg
22104259,Marlierea rugosior McVaugh
22104250,Marlierea salticola Amshoff
22103187,Marlierea schomburgkiana O. Berg
22105837,Marlierea schottii D. Legrand
22100971,Marlierea scytophylla Diels
22100972,Marlierea sessiliflora O. Berg
22100973,Marlierea silvatica (Gardner) Kiaersk.
100220040,Marlierea silvestris (Vell.) Mattos
22101757,Marlierea sintenisii Kiaersk.
22104125,Marlierea skortzoviana Mattos
22100975,Marlierea spruceana O. Berg
22100977,Marlierea suaveolens Cambess.
22100978,Marlierea subacuminata Kiaersk.
50226193,Marlierea subcordata B. Holst
22104251,Marlierea suborbicularis McVaugh
22101824,Marlierea subulata McVaugh
100220041,Marlierea sucrei G.M. Barroso & Peixoto
22103213,Marlierea summa McVaugh
22105840,Marlierea teuscheriana (O. Berg) D. Legrand
22100980,Marlierea tomentosa Cambess.
22101825,Marlierea umbraticola (Kunth) O. Berg
22104234,Marlierea uniflora McVaugh
22101826,Marlierea velutina McVaugh
50226195,Marlierea ventuarensis B. Holst
22100983,Marlierea verticillaris O. Berg
22104261,Marlierea vicina McVaugh
100220042,Marlierea villas-boasii Mattos
40014056,Marlierea Cambess.
22102799,Mitranthes clarendonensis (Proctor) Proctor
100225436,Mitranthes glabra Proctor
100225438,Mitranthes macrophylla Proctor
22102800,Mitranthes maxonii (Britton & Urb.) Proctor
100225439,Mitranthes nivea Proctor
22100986,Mitranthes ottonis O. Berg
22101627,Mitranthes sartoriana O. Berg
22105851,Mitranthes urbaniana Burret
40020626,Mitranthes O. Berg
22107241,Mosiera acunae (Borhidi & O. Muñiz) Bisse
100226088,Mosiera androsiana (Urb.) Salywon
22107242,Mosiera araneosa (Urb.) Bisse
100369387,Mosiera baracoensis Bisse ex Urquiola & Acosta R, Zenia
100369388,Mosiera bissei Urquiola & Acosta R, Zenia
22107243,Mosiera bullata (Britton & P. Wilson) Bisse
50200943,Mosiera cabanasensis (Britton & P. Wilson) Borhidi
50200947,Mosiera calycolpoides (Griseb.) Borhidi
22103251,Mosiera contrerasii (Lundell) Landrum
50200948,Mosiera crenulata (Urb. & Ekman) Borhidi
100226092,Mosiera cuspidata (Burret) Salywon
50200949,Mosiera delriscoi (Borhidi & O. Muñiz) Borhidi
22103253,Mosiera ehrenbergii (O. Berg) Landrum
22107245,Mosiera ekmanii (Urb.) Bisse
22107246,Mosiera elliptica (C. Wright) Bisse
100226094,Mosiera gracilipes (Alain) Salywon
22107249,Mosiera havanensis (Urb.) Bisse
22107250,Mosiera jackii (Urb.) Bisse
22102825,Mosiera longipes (O. Berg) Small
100369390,Mosiera macrophylla Bisse ex Urquiola & Acosta R, Zenia
22107233,Mosiera moaensis (Britton & P. Wilson) Bisse
22107251,Mosiera munizii (Borhidi) Bisse
100441134,Mosiera nipensis Salywon & Landrum
22107252,Mosiera nummularioides (Britton & P. Wilson) Bisse
100369391,Mosiera occidentalis Bisse ex Urquiola & Acosta R, Zenia
100369392,Mosiera oonophylla (Urb.) Bisse
22107253,Mosiera ophiticola (Britton & P. Wilson) Bisse
50200951,Mosiera tiburona (Urb. & Ekman) Borhidi
100226095,Mosiera tussacii (Urb. & Ekman) Borhidi
50200953,Mosiera urbaniana Borhidi
50200954,Mosiera wrightii (Krug & Urb.) Borhidi
100226096,Mosiera xerophytica (Britton) Salywon
100369394,Mosiera yamaniguensis Bisse ex Urquiola & Acosta R, Zenia
40023117,Mosiera Small
22103584,Myrceugenia acutata D. Legrand
22103651,Myrceugenia acutiflora (Kiaersk.) D. Legrand & Kausel
22103658,Myrceugenia alpigena (DC.) Landrum
100439339,Myrceugenia bananalensis Bezerra & Landrum
22104166,Myrceugenia bocaiuvensis Mattos
22103653,Myrceugenia bracteosa (DC.) D. Legrand & Kausel
22103741,Myrceugenia brevipedicellata (Burret) D. Legrand & Kausel
22103528,Myrceugenia campestris (DC.) D. Legrand & Kausel
22102230,Myrceugenia chrysocarpa (O. Berg) Kausel
22102231,Myrceugenia colchaguensis (Phil.) Navas
22102232,Myrceugenia correifolia (Hook. & Arn.) O. Berg
22103647,Myrceugenia cucullata D. Legrand
22106044,Myrceugenia decussata Mattos
22103210,Myrceugenia euosma (O. Berg) D. Legrand
22102233,Myrceugenia exsucca (DC.) O. Berg
22100005,Myrceugenia fernandeziana (Hook. & Arn.) Johow
100226987,Myrceugenia foveolata (O. Berg) Sobral
22103652,Myrceugenia franciscensis (O. Berg) Landrum
22106511,Myrceugenia gertii Landrum
22103621,Myrceugenia glaucescens (Cambess.) D. Legrand & Kausel
100439338,Myrceugenia hamoniana (Mattos) Sobral
22103601,Myrceugenia hatschbachii Landrum
22102296,Myrceugenia hoehnei (Burret) D. Legrand & Kausel
22103607,Myrceugenia kleinii D. Legrand & Kausel
22102234,Myrceugenia lanceolata (Juss. ex J. St.-Hil.) Kausel
22102235,Myrceugenia leptospermoides (DC.) Kausel
22105779,Myrceugenia mesomischa (Burret) D. Legrand & Kausel
22103724,Myrceugenia miersiana (Gardner) D. Legrand & Kausel
22103696,Myrceugenia myrcioides (Cambess.) O. Berg
22100990,Myrceugenia myrtoides O. Berg
22101628,Myrceugenia obtusa (DC.) O. Berg
22106512,Myrceugenia ovalifolia (O. Berg) Landrum
22102236,Myrceugenia ovata (Hook. & Arn.) O. Berg
22103743,Myrceugenia oxysepala (Burret) D. Legrand & Kausel
22102239,Myrceugenia parvifolia (DC.) Kausel
22103714,Myrceugenia pilotantha (Kiaersk.) Landrum
22102240,Myrceugenia pinifolia (F. Phil.) Kausel
22102241,Myrceugenia planipes (Hook. & Arn.) O. Berg
22103574,Myrceugenia regnelliana (O. Berg) D. Legrand & Kausel
22103608,Myrceugenia reitzii D. Legrand & Kausel
22102242,Myrceugenia rufa (Colla) Skottsb. ex Kausel
22103523,Myrceugenia rufescens (DC.) D. Legrand & Kausel
22100006,Myrceugenia schulzei Johow
22103646,Myrceugenia scutellata D. Legrand
22103649,Myrceugenia seriatoramosa (Kiaersk.) D. Legrand & Kausel
22103694,Myrceugenia venosa D. Legrand
40024263,Myrceugenia O. Berg
22107139,Myrcia abbottiana (Urb.) Alain
100439337,Myrcia abrantea (O. Berg) E. Lucas & Sobral
22105016,Myrcia acunae Borhidi
100476208,Myrcia adenophylla A.R. Lourenço & E. Lucas
100226993,Myrcia aegiphylloides Mattos
100279487,Myrcia aequatoriensis M.L. Kawas. & B. Holst
22100999,Myrcia aethusa (O. Berg) N. Silveira
100475478,Myrcia alatiramea Sobral & Lucas, E.
22107169,Myrcia albescens (Alain) Alain
22103035,Myrcia albidotomentosa (Amshoff) McVaugh
22101841,Myrcia albobrunnea McVaugh
22105074,Myrcia albotomentosa DC.
22101842,Myrcia aliena McVaugh
22107352,Myrcia almasensis Nic Lugh.
100475479,Myrcia altomontana Sobral & Zorzan.
100474529,Myrcia amanana Sobral & M.A.D. Souza
22104263,Myrcia amapensis McVaugh
22101843,Myrcia amazonica DC.
22101012,Myrcia ambivalens McVaugh
22101013,Myrcia amblyphylla Kiaersk.
100226994,Myrcia amplexicaulis (Vell.) Hook. f.
100476203,Myrcia ampliflora (M.L. Kawas.) A.R. Lourenço & E. Lucas
22105184,Myrcia anacardiifolia Gardner
22101015,Myrcia anceps O. Berg
100226995,Myrcia angusta G. Don
22101018,Myrcia anomala Cambess.
22105047,Myrcia antillana McVaugh
100406757,Myrcia antioquensis Parra-Os.
50201036,Myrcia apiocarpa (O. Berg) N. Silveira
22104534,Myrcia apodocarpa Urb.
100475480,Myrcia arenaria L.L. Santos, M.F. Sales & Sobral
100437859,Myrcia ascendens M.F. Santos
22106705,Myrcia atramentifera Barb. Rodr.
50201038,Myrcia atropilosa (O. Berg) N. Silveira
22101855,Myrcia atrorufa McVaugh
100437871,Myrcia attenuata M.F. Santos
100476212,Myrcia aulomyrcioides E. Lucas & C.E. Wilson
100362448,Myrcia aurea Nic Lugh.
22106706,Myrcia ayabambensis Hieron.
50201041,Myrcia badia (O. Berg) N. Silveira
100386450,Myrcia barituensis (Legname) B. Holst
100439336,Myrcia basicordata Sobral
100439335,Myrcia bathisiifolia Mattos
22101025,Myrcia bella Cambess.
22101028,Myrcia bergiana O. Berg
22101030,Myrcia bicolor Kiaersk.
100226999,Myrcia blanchetiana (O. Berg) Mattos
22104235,Myrcia bolivarensis (Steyerm.) McVaugh
22102294,Myrcia bonnetiasylvestris (Steyerm.) Steyerm.
22105015,Myrcia borhidii O. Muñiz
22101856,Myrcia bracteata (Rich.) DC.
22104180,Myrcia brasiliae Mattos & D. Legrand
22105569,Myrcia brasiliensis Kiaersk.
100445533,Myrcia breviflora M.A.D. Souza ex Sobral
22101036,Myrcia brunea Cambess.
100439334,Myrcia cacuminis L. Kollmann & Sobral
100227002,Myrcia calcicola Proctor
22103395,Myrcia calycampa Amshoff
22106196,Myrcia camapuanensis N. Silveira
22101046,Myrcia canescens O. Berg
100445534,Myrcia cantana M.A.D. Souza & Sobral
22106195,Myrcia capitata (O. Berg) Nied.
22101051,Myrcia cardiaca O. Berg
22101052,Myrcia cardiophylla Reichardt
100384258,Myrcia carvalhoi Nic Lugh.
100445535,Myrcia castanea M.A.D. Souza & Sobral
100445362,Myrcia cataphyllata M.F. Santos
100384260,Myrcia catharinensis (D. Legrand) Nic Lugh.
100439333,Myrcia cerqueiria (Nied.) E. Lucas & Sobral
22106713,Myrcia chapadensis S. Moore
22101774,Myrcia citrifolia (Aubl.) Urb.
22104327,Myrcia clausa McVaugh
100381755,Myrcia clavata Sobral
100001413,Myrcia clavija Sobral
22103367,Myrcia clusiifolia (Kunth) DC.
22106716,Myrcia coelosepala Kiaersk.
22101062,Myrcia colpodes Kiaersk.
100476205,Myrcia compactiflora (M.L. Kawas. & B. Holst) A.R. Lourenço & E. Lucas
22104265,Myrcia compta McVaugh
22101858,Myrcia concava McVaugh
50270211,Myrcia concinna B. Holst & M.L. Kawas.
100368222,Myrcia concisa Sobral & Leoni
100446129,Myrcia congestiflora Caliari & V.C. Souza
22101859,Myrcia connata McVaugh
100439332,Myrcia cordiformis Mattos
22104972,Myrcia cordiifolia DC.
100437872,Myrcia costeira M.F. Santos
22102107,Myrcia coumete (Aubl.) DC.
100439331,Myrcia crassa Sobral
22101860,Myrcia crassimarginata McVaugh
22104328,Myrcia crispa McVaugh
22105013,Myrcia cristalensis Borhidi & O. Muñiz
22101074,Myrcia crocea (Vell.) Kiaersk.
100476229,Myrcia cruciflora A.R. Lourenço & E. Lucas
22101076,Myrcia crulsiana Glaz.
22101077,Myrcia cucullata O. Berg
22106730,Myrcia cujabensis O. Berg
22104312,Myrcia cuprea (O. Berg) Kiaersk.
100439330,Myrcia curtipendula Nic Lugh.
100476225,Myrcia cuspidata (Mart. ex DC.) A.R. Lourenço & E. Lucas
22101081,Myrcia dasyblasta O. Berg
22105071,Myrcia dealbata DC.
22103240,Myrcia decorticans DC.
22101775,Myrcia deflexa (Poir.) DC.
100475682,Myrcia delicata Gressler & Sobral
22101084,Myrcia densa (DC.) Sobral
100476201,Myrcia densiflora (Poepp. ex O. Berg) A.R. Lourenço & E. Lucas
50201044,Myrcia diaphana (O. Berg) N. Silveira
22101861,Myrcia dichasialis McVaugh
22105224,Myrcia dichrophylla D. Legrand
22101862,Myrcia directa McVaugh
22101863,Myrcia dispar McVaugh
100445536,Myrcia divisoria Sobral & M.A.D. Souza
22105732,Myrcia dolichopetala Kiaersk.
22101864,Myrcia egensis (O. Berg) McVaugh
22104270,Myrcia ehrenbergiana (O. Berg) McVaugh
22103287,Myrcia elattophylla Diels
100445363,Myrcia elevata M.F. Santos
22104970,Myrcia eriocalyx DC.
22101098,Myrcia eriopus DC.
100447107,Myrcia espiritosantensis B.S. Amorim
100441904,Myrcia eugeniopsoides (D. Legrand & Kausel) Mazine
22105943,Myrcia eumecephylla (O. Berg) Nied.
100475481,Myrcia exapata Sobral
22101102,Myrcia eximia DC.
22104271,Myrcia exploratoris McVaugh
22104272,Myrcia extranea McVaugh
22101103,Myrcia fallax (Rich.) DC.
22101104,Myrcia fasciata McVaugh
22101105,Myrcia fascicularis O. Berg
100439329,Myrcia federalis Bezerra & Faria
22106199,Myrcia felisberti (DC.) O. Berg
22101107,Myrcia fenestrata DC.
22105046,Myrcia fenzliana O. Berg
100441905,Myrcia ferruginosa Mazine
22104178,Myrcia filibracteata Mattos & D. Legrand
100439328,Myrcia flagellaris (D. Legrand) Sobral
100227016,Myrcia florida Lem.
100439327,Myrcia floridissima Sobral
50201045,Myrcia follii G.M. Barroso & Peixoto
22102108,Myrcia fosteri Croat
22101111,Myrcia freyreissiana (O. Berg) Kiaersk.
100475482,Myrcia fria Sobral
50270212,Myrcia fusca B. Holst & M.L. Kawas.
22101116,Myrcia gemmiflora O. Berg
50040176,Myrcia gentryi B. Holst
22101117,Myrcia gestasiana Cambess.
22101118,Myrcia gigantea (O. Berg) Nied.
100446401,Myrcia gigantifolia M.L. Kawas. & Á.J. Pérez
22104273,Myrcia gigas McVaugh
50201046,Myrcia gilsoniana G.M. Barroso & Peixoto
22105234,Myrcia glabra (O. Berg) D. Legrand
22101121,Myrcia glauca Cambess.
22101122,Myrcia glazioviana Kiaersk.
22104176,Myrcia glaziovii Mattos & D. Legrand
22101123,Myrcia gomidesioides Kiaersk.
22104274,Myrcia gonini McVaugh
22101124,Myrcia goyazensis Cambess.
22103387,Myrcia graciliflora Sagot
22104205,Myrcia grandifolia Cambess.
22103037,Myrcia grandis McVaugh
100384259,Myrcia grazielae Nic Lugh.
100475483,Myrcia guarujana Sobral, Magenta & Caliari
22103038,Myrcia guianensis (Aubl.) DC.
22104523,Myrcia gundlachii Krug & Urb.
100386451,Myrcia haenkeana (O. Berg) Mattos
22104822,Myrcia hartwegiana (O. Berg) Kiaersk.
22103498,Myrcia hassleriana Barb. Rodr.
22105220,Myrcia hatschbachii D. Legrand
22104969,Myrcia hebepetala DC.
22103284,Myrcia heliandiana Diels
22105236,Myrcia heringii D. Legrand
50224602,Myrcia hernandezii Parra-Os.
22101133,Myrcia hexasticha Kiaersk.
22101135,Myrcia hirtiflora DC.
22104344,Myrcia hoffmannseggii O. Berg
22106769,Myrcia hotteana Urb. & Ekman
22101875,Myrcia huallagae McVaugh
22101140,Myrcia hypericoides Cambess.
100227025,Myrcia hypoleuca Spring ex Mart.
100475484,Myrcia hypophaea Sobral
100408471,Myrcia icnii Parra-Os.
22101142,Myrcia ilheosensis Kiaersk.
22104293,Myrcia imperfecta McVaugh
22103040,Myrcia inaequiloba (DC.) D. Legrand
100475248,Myrcia incompleta Sobral & M.A.D. Souza
100001386,Myrcia inconspicua L. Kollmann & Sobral
22104296,Myrcia induta McVaugh
22101147,Myrcia innovans Kiaersk.
100227029,Myrcia insularis Gardner
100445537,Myrcia integra M.A.D. Souza & Sobral
50226318,Myrcia intonsa (McVaugh) B. Holst
50201048,Myrcia isaiana G.M. Barroso & Peixoto
100476198,Myrcia ishoaquinicca (M.L. Kawas. & B. Holst) A.R. Lourenço & E. Lucas
50307044,Myrcia jacobinensis Mattos
100476226,Myrcia krugioides (McVaugh) A.R. Lourenço & E. Lucas
50226319,Myrcia kylistophylla B. Holst
22101158,Myrcia labordeana Glaz.
22101159,Myrcia lacerdaeana O. Berg
22101161,Myrcia lacunosa (O. Berg) N. Silveira
22105213,Myrcia lajeana D. Legrand
100439326,Myrcia landimiana Proença & M. Ibrahim
22101168,Myrcia lanuginosa O. Berg
50270213,Myrcia lapidulosa B. Holst & M.L. Kawas.
100227033,Myrcia laricina (O. Berg) Burret ex Luetzelb.
22101170,Myrcia laruotteana Cambess.
100381756,Myrcia lascada Sobral
22101172,Myrcia lasiantha DC.
100445538,Myrcia laxa Sobral & M.A.D. Souza
22101177,Myrcia laxiflora Cambess.
22101179,Myrcia leptoclada DC.
22101180,Myrcia leucadendron DC.
50226320,Myrcia liesneri B. Holst
100390878,Myrcia lignosa Villarroel & Proença
50201052,Myrcia limae G.M. Barroso & Peixoto
22101183,Myrcia linearifolia Cambess.
22106058,Myrcia lineata (O. Berg) Nied.
22101187,Myrcia littoralis DC.
100478358,Myrcia lojensis B. Holst & M.L. Kawas.
100446130,Myrcia longipaniculata Caliari & V.C. Souza
100445540,Myrcia longiramea M.A.D. Souza & Sobral
100475485,Myrcia longisepala B.S. Amorim
22105065,Myrcia lucida McVaugh
100406878,Myrcia lughadhae B.S. Amorim
22106233,Myrcia lundiana Kiaersk.
100469020,Myrcia luquillensis (Alain) E. Lucas & A.R. Lourenço
22101194,Myrcia lutescens Cambess.
100445391,Myrcia macaca Sobral & M.A.D. Souza
100437875,Myrcia macrocalyx Faria & Soares-Silva
22104976,Myrcia macrocarpa DC.
100475486,Myrcia macucana Sobral
22101197,Myrcia madida McVaugh
22107171,Myrcia maestrensis (Urb.) Alain
22101198,Myrcia magnifolia (O. Berg) Kiaersk.
22101199,Myrcia magnoliifolia DC.
100227037,Myrcia majaguitana Alain & M.M. Mejía
22104519,Myrcia manacalensis Urb.
100445541,Myrcia manausensis M.A.D. Souza & Sobral
22101200,Myrcia mansoniana O. Berg
100476209,Myrcia manuensis (B. Holst & M.L. Kawas.) A.R. Lourenço & E. Lucas
100445542,Myrcia maraana Sobral & M.A.D. Souza
22107228,Myrcia margarettae (Alain) Alain
22101203,Myrcia marginata O. Berg
100439325,Myrcia marianae Stagg.
22101876,Myrcia mathewsiana (O. Berg) McVaugh
100475487,Myrcia matogrossensis Faria & Sobral
100227040,Myrcia maximiliana O. Berg
100445369,Myrcia megaphylla M.F. Santos & Sobral
22101206,Myrcia meiapontensis Glaz.
22106789,Myrcia micropetala (Mart.) Nied.
22101214,Myrcia microphylla O. Berg
100227041,Myrcia microstachya Krug & Urb.
22103261,Myrcia minutiflora Sagot
22101220,Myrcia mischophylla Kiaersk.
22101877,Myrcia mollis (Kunth) DC.
100439324,Myrcia monoclada Sobral
22101221,Myrcia montana Cambess.
22101222,Myrcia morroqueimadensis Kiaersk.
100439323,Myrcia mucugensis Sobral
22101878,Myrcia multiflora (Lam.) DC.
100441907,Myrcia multipunctata Mazine
22106177,Myrcia mutabilis (O. Berg) N. Silveira
100386452,Myrcia myrcioides (Mattos & D. Legrand) Mattos
22104315,Myrcia myriantha McVaugh
22101225,Myrcia neesiana DC.
100476194,Myrcia neoaequatoriensis A.R. Lourenço & E. Lucas
100384266,Myrcia neoblanchetiana Sobral & E. Lucas
100439322,Myrcia neocambessedeana E. Lucas & Sobral
100476202,Myrcia neoforsteri A.R. Lourenço & E. Lucas
100476207,Myrcia neofusca A.R. Lourenço & E. Lucas
100477639,Myrcia neomacrocarpa A.R. Lourenço & E. Lucas
100381761,Myrcia neopauciflora Sobral
50299915,Myrcia neorostrata Sobral
100476268,Myrcia neoschomburgkiana (O. Berg) E. Lucas & C.E. Wilson
100476220,Myrcia neospeciosa A.R. Lourenço & E. Lucas
100439321,Myrcia neospruceana E. Lucas & Sobral
100476213,Myrcia nervata (M.L. Kawas. & B. Holst) A.R. Lourenço & E. Lucas
22101227,Myrcia nigrescens DC.
22106178,Myrcia nigricans (O. Berg) N. Silveira
22101229,Myrcia nitida Cambess.
22101230,Myrcia nivea Cambess.
22101232,Myrcia nobilis O. Berg
22104316,Myrcia nubicola McVaugh
22101233,Myrcia oblongata DC.
22101234,Myrcia obovata (O. Berg) Nied.
22102995,Myrcia obtecta (O. Berg) Kiaersk.
22101888,Myrcia obumbrans (O. Berg) McVaugh
100475488,Myrcia occulta Faria & E. Lucas
22101237,Myrcia ochroides O. Berg
22101240,Myrcia oligantha O. Berg
22107172,Myrcia oligostemon (Urb.) Alain
22101243,Myrcia oreioeca Kiaersk.
22101246,Myrcia ovata Cambess.
100439320,Myrcia ovina Proença & Landim
100369412,Myrcia paganii Krug & Urb.
22101891,Myrcia paivae O. Berg
22101252,Myrcia palustris DC.
50270214,Myrcia panamensis B. Holst & M.L. Kawas.
50201056,Myrcia panicularis (O. Berg) N. Silveira
22104150,Myrcia paracatuensis Kiaersk.
100475489,Myrcia parca Sobral
100477649,Myrcia parvifolia A.R. Lourenço & E. Lucas
100407855,Myrcia paulii-jonesii Aguilar, D. Santam. & A. Estrada
100439319,Myrcia pendula Sobral
22101258,Myrcia pentagona McVaugh
22101259,Myrcia perforata O. Berg
100227049,Myrcia pernambucensis O. Berg
22101260,Myrcia pertusa DC.
100475490,Myrcia petrophila Sobral
22101261,Myrcia phaeoclada O. Berg
100227051,Myrcia piauhiensis (O. Berg) Mattos
100369415,Myrcia picardae Krug & Urb. ex Urb.
22105009,Myrcia pineticola Borhidi & O. Muñiz
22101265,Myrcia pinifolia Cambess.
22104317,Myrcia pistrinalis McVaugh
22103283,Myrcia platycaula Diels
22103372,Myrcia platyclada DC.
100476214,Myrcia plicata (McVaugh) A.R. Lourenço & E. Lucas
22101266,Myrcia plusiantha Kiaersk.
22101267,Myrcia poeppigiana O. Berg
100435137,Myrcia polyantha DC.
22102801,Myrcia polyneura (Urb.) Borhidi
22106800,Myrcia popayanensis Hieron.
22104319,Myrcia porphyrea McVaugh
100441173,Myrcia portoricensis (Britton) Cedeno-Mald. & Breckon ex Axelrod
100470732,Myrcia proencana Villarroel & Bezerra
100439318,Myrcia pseudomarlierea Sobral
100375675,Myrcia pseudospectabilis Sobral
100475491,Myrcia pseudosplendens Sobral & Mazine
100475492,Myrcia pseudovenulosa Stadnik & Sobral
22103241,Myrcia ptariensis (Steyerm.) McVaugh
22104971,Myrcia pubescens DC.
22101280,Myrcia pubiflora DC.
22101282,Myrcia pubipetala Miq.
22106106,Myrcia pulchra (O. Berg) Kiaersk.
100438096,Myrcia pulvinata B.S. Amorim
22103242,Myrcia pyrifolia (Desv. ex Ham.) Nied.
22104302,Myrcia quitarensis (Benth.) Sagot
22101285,Myrcia racemosa (O. Berg) Kiaersk.
22105072,Myrcia racemulosa DC.
22105060,Myrcia ramageana Krug & Urb.
100475493,Myrcia ramiflora Sobral, Rigueira & E. Lucas
100448849,Myrcia raminfinita L. Marinho & E. Lucas
50201059,Myrcia ramuliflora (O. Berg) N. Silveira
22101288,Myrcia recurvata O. Berg
100441908,Myrcia reitzii (D. Legrand) Mazine
22101293,Myrcia reticulata Cambess.
22101294,Myrcia reticulosa Miq.
22104529,Myrcia retivenia (C. Wright) Urb.
22101295,Myrcia retorta Cambess.
22103243,Myrcia revolutifolia McVaugh
22101300,Myrcia rimosa Cambess.
50201060,Myrcia riodocensis G.M. Barroso & Peixoto
100407856,Myrcia riverae A. Estrada, D. Santam. & Aguilar
100227058,Myrcia robusta Sobral
100475494,Myrcia rogersiana B.S. Amorim
100384267,Myrcia rosangelae Nic Lugh.
22101303,Myrcia rostrata DC.
22103244,Myrcia rotundata (Amshoff) McVaugh
22106207,Myrcia rotundifolia (O. Berg) Kiaersk.
22101306,Myrcia rubiginosa Cambess.
22101308,Myrcia rufipes DC.
22104303,Myrcia rufipila McVaugh
100476217,Myrcia ruiziana (O. Berg) A.R. Lourenço & Parra-Os.
100437873,Myrcia rupestris M.F. Santos
22105210,Myrcia rupicola D. Legrand
22107339,Myrcia rupta M.L. Kawas. & B. Holst
100447109,Myrcia ruschii B.S. Amorim
22107176,Myrcia saliana Alain
22101311,Myrcia salicifolia DC.
22104324,Myrcia salticola (Steyerm.) McVaugh
22101312,Myrcia salzmanni O. Berg
22104724,Myrcia sanisidrensis Steyerm.
100368220,Myrcia santateresana Sobral
22104304,Myrcia saxatilis (Amshoff) McVaugh
22106140,Myrcia selloi (Spreng.) N. Silveira
100438097,Myrcia serrana B.S. Amorim
22104333,Myrcia servata McVaugh
22104305,Myrcia sessiliflora McVaugh
100445375,Myrcia sessilissima M.F. Santos
100476218,Myrcia simulata (McVaugh) A.R. Lourenço & Parra-Os.
22104334,Myrcia sipapensis McVaugh
22106812,Myrcia skeldingii Proctor
22104335,Myrcia sororopanensis Steyerm.
100476219,Myrcia sparsiflora (M.L. Kawas. & B. Holst) A.R. Lourenço & E. Lucas
100439317,Myrcia spathulifolia Proença
22104307,Myrcia speciosa (Amshoff) McVaugh
22104975,Myrcia spectabilis DC.
22105026,Myrcia spinifolia Borhidi & Acuña
22101779,Myrcia splendens (Sw.) DC.
22101330,Myrcia sporadosticta Kiaersk.
22105736,Myrcia springiana (O. Berg) Kiaersk.
100439316,Myrcia squamata (Mattos & D. Legrand) Mattos
22105664,Myrcia stenocarpa Krug & Urb.
22103282,Myrcia stenocymbia Diels
22101334,Myrcia stewartiana O. Berg
50201063,Myrcia stictophylla (O. Berg) N. Silveira
22101335,Myrcia stigmatosa O. Berg
22106219,Myrcia stricta (O. Berg) Kiaersk.
22101337,Myrcia subalpestris DC.
50201064,Myrcia subavenia (O. Berg) N. Silveira
22101338,Myrcia subcordata DC.
50327299,Myrcia subcordifolia B. Holst & M.L. Kawas.
22101339,Myrcia subglabra McVaugh
22103348,Myrcia subobliqua (Benth.) Nied.
50162502,Myrcia subsericea A. Gray
22101341,Myrcia subsessilis O. Berg
100437874,Myrcia subterminalis M.F. Santos
22101343,Myrcia subverticillaris (O. Berg) Kiaersk.
22101344,Myrcia suffruticosa O. Berg
22105027,Myrcia susannae Borhidi
22101901,Myrcia sylvatica (G. Mey.) DC.
100445543,Myrcia symmetrica M.A.D. Souza & Sobral
22103394,Myrcia tafelbergica Amshoff
100381757,Myrcia teimosa Sobral
100476210,Myrcia telephylla A.R. Lourenço & E. Lucas
100476171,Myrcia tenuiflora A.R. Lourenço & E. Lucas
50299916,Myrcia tenuifolia (O. Berg) Sobral
22101348,Myrcia tenuivenosa Kiaersk.
22104340,Myrcia tepuiensis Steyerm.
100362450,Myrcia teresensis Nic Lugh.
100476221,Myrcia tessmannii (Burret ex McVaugh) A.R. Lourenço & E. Lucas
100475495,Myrcia tetraloba D.F. Lima & E. Lucas
100383480,Myrcia tetraphylla Sobral
100439315,Myrcia thomasii B.S. Amorim & A.R. Lourenço
50306521,Myrcia thyrsoidea O. Berg
22106816,Myrcia tiburoniana Urb. & Ekman
22104207,Myrcia tijucensis Kiaersk.
22105028,Myrcia toaensis Borhidi & O. Muñiz
22101354,Myrcia tomentosa (Aubl.) DC.
22101357,Myrcia tovarensis O. Berg
100475496,Myrcia trimera E. Lucas & Sobral
100381758,Myrcia truncata Sobral
100368221,Myrcia tumida Sobral
100445544,Myrcia uaioai Sobral & M.A.D. Souza
100475497,Myrcia ubatubana Mazine & Sobral
22101360,Myrcia uberavensis O. Berg
100476269,Myrcia umbraticola (Kunth) E. Lucas & C.E. Wilson
100475498,Myrcia unana Sobral, Faria & Villaroel
22101361,Myrcia undulata O. Berg
22104834,Myrcia valenzuelana Barb. Rodr.
22101363,Myrcia variabilis DC.
100441909,Myrcia vellozoi Mazine
100439314,Myrcia velutiflora (Mattos & D. Legrand) Mattos
100475499,Myrcia venosissima Sobral & P.L. Viana
22101369,Myrcia venulosa DC.
100227076,Myrcia verrucosa Sobral
22101370,Myrcia verticillaris O. Berg
100279489,Myrcia verticillata M.L. Kawas. & B. Holst
22101373,Myrcia vestita DC.
22101374,Myrcia virgata Cambess.
22101375,Myrcia vittoriana Kiaersk.
22101376,Myrcia warmingiana Kiaersk.
100476222,Myrcia websteri (B. Holst & M.L. Kawas.) A.R. Lourenço & E. Lucas
22105076,Myrcia xylopioides (Kunth) DC.
100476223,Myrcia yasuniana (M.L. Kawas. & Á.J. Pérez) A.R. Lourenço & E. Lucas
50273532,Myrcia zetekiana (Standl.) B. Holst
40024268,Myrcia DC.
22103264,Myrcianthes alaternifolia (Benth.) Grifo ex B. Holst & M.L. Kawas.
22106834,Myrcianthes borealis McVaugh
22106837,Myrcianthes callicoma McVaugh
100227079,Myrcianthes cavalcantei Mattos
22104111,Myrcianthes cionei Mattos
22105172,Myrcianthes cisplatensis (Cambess.) O. Berg
22104291,Myrcianthes coquimbensis (Barnéoud) Landrum & Grifo
22106391,Myrcianthes crebrifolia (Steyerm.) McVaugh
22101968,Myrcianthes discolor (Kunth) McVaugh
22105392,Myrcianthes esnardiana (Urb. & Ekman) Alain
22101971,Myrcianthes ferreyrae (McVaugh) McVaugh
22101973,Myrcianthes fimbriata (Kunth) McVaugh
22101781,Myrcianthes fragrans (Sw.) McVaugh
22105171,Myrcianthes gigantea (D. Legrand) D. Legrand
22101978,Myrcianthes hallii (O. Berg) McVaugh
22101981,Myrcianthes indifferens (McVaugh) McVaugh
22106758,Myrcianthes irregularis McVaugh
22104457,Myrcianthes karsteniana (O. Berg) McVaugh
22101983,Myrcianthes lanosa McVaugh
22106839,Myrcianthes leucoxyla (Ortega) McVaugh
22101984,Myrcianthes limbata (Kunth) McVaugh
22101987,Myrcianthes lindleyana (Kunth) McVaugh
22106496,Myrcianthes mato (Griseb.) McVaugh
22103462,Myrcianthes minimifolia (McVaugh) McVaugh
100373811,Myrcianthes monteucalyptoides Proença & L. Jenn.
22103461,Myrcianthes myrsinoides (Kunth) Grifo
22101994,Myrcianthes oreophila (Diels) McVaugh
22103371,Myrcianthes orthostemon (O. Berg) Grifo
22101996,Myrcianthes osteomeloides (Rusby) McVaugh
22102001,Myrcianthes pearcei (McVaugh) McVaugh
22106840,Myrcianthes pedersenii D. Legrand
22104436,Myrcianthes prodigiosa McVaugh
22103170,Myrcianthes pseudomato (D. Legrand) McVaugh
22102998,Myrcianthes pungens (O. Berg) D. Legrand
22102003,Myrcianthes quinqueloba (McVaugh) McVaugh
22102005,Myrcianthes rhopaloides (Kunth) McVaugh
100381759,Myrcianthes riparia Sobral, Grippa & T. Guimarães
100449348,Myrcianthes roncesvallensis Parra-Os. & A.F. Bohórquez
100478359,Myrcianthes rubra B. Holst & M.L. Kawas.
100406756,Myrcianthes sanctae-martae Parra-Os.
22106595,Myrcianthes sessilis McVaugh
22103271,Myrcianthes storkii (Standl.) McVaugh
40024277,Myrcianthes O. Berg
100381760,Myrciaria alagoana Sobral
100485208,Myrciaria alta T.B. Flores & Sobral
22101379,Myrciaria amazonica O. Berg
22105254,Myrciaria borinquena Alain
22101381,Myrciaria cauliflora (Mart.) O. Berg
22101383,Myrciaria cordata O. Berg
22101384,Myrciaria cuspidata O. Berg
22101386,Myrciaria delicatula (DC.) O. Berg
22101387,Myrciaria disticha O. Berg
22103034,Myrciaria dubia (Kunth) McVaugh
100439313,Myrciaria evanida Sobral
22107273,Myrciaria ferruginea O. Berg
22101783,Myrciaria floribunda (H. West ex Willd.) O. Berg
22104191,Myrciaria glanduliflora (Kiaersk.) Mattos & D. Legrand
50299917,Myrciaria glazioviana (Kiaersk.) G.M. Barroso ex Sobral
22105494,Myrciaria glomerata O. Berg
22104190,Myrciaria guaquiea (Kiaersk.) Mattos & D. Legrand
22102626,Myrciaria ibarrae Lundell
22107275,Myrciaria leucadendron O. Berg
22107278,Myrciaria myrtifolia Alain
22107279,Myrciaria pallida O. Berg
100001414,Myrciaria pilosa Sobral & Couto
22105387,Myrciaria plinioides D. Legrand
50296793,Myrciaria puberulenta B. Holst
22107292,Myrciaria pumila (Gardner) O. Berg
100375732,Myrciaria racemosa M.L. Kawas.
22103197,Myrciaria rojasii D. Legrand
22105485,Myrciaria strigipes O. Berg
22101408,Myrciaria tenella (DC.) O. Berg
22102817,Myrciaria vexator McVaugh
22101413,Myrciaria vismiifolia (Benth.) O. Berg
40024283,Myrciaria O. Berg
22102063,Myrrhinium atropurpureum Schott
40024638,Myrrhinium Schott
22102042,Myrteola acerosa (O. Berg) Burret
22102044,Myrteola microphylla O. Berg
22101992,Myrteola myrsinoides (Kunth) O. Berg
22102244,Myrteola nummularia (Poir.) O. Berg
22101415,Myrteola phylicoides (Benth.) Landrum
40024687,Myrteola O. Berg
22101418,Myrtus albida (Bonpl.) Kunth
22101419,Myrtus arayan Kunth
22101909,Myrtus biflora L.
22101435,Myrtus discolor Kunth
22101441,Myrtus fimbriata Kunth
22104666,Myrtus fragrans Sw.
22101445,Myrtus guayaquilensis Kunth
50224545,Myrtus guianensis (Aubl.) Ham.
22101450,Myrtus limbata Kunth
22102045,Myrtus microphylla Bonpl.
22101459,Myrtus mollis Kunth
22103051,Myrtus monticola Sw.
22101991,Myrtus myrsinoides Kunth
22102891,Myrtus nummularia Poir.
22102048,Myrtus phylicoides Benth.
22101477,Myrtus rhopaloides Kunth
22101480,Myrtus salicifolia Kunth
22102150,Myrtus salutaris Kunth
22101895,Myrtus splendens Sw.
22101902,Myrtus sylvatica G. Mey.
22101490,Myrtus umbraticola Kunth
40024747,Myrtus L.
22106001,Neomitranthes amblymitra (Burret) Mattos
22106002,Neomitranthes apiculata (Burret) Mattos
22105999,Neomitranthes capivariensis (Mattos) Mattos
22105285,Neomitranthes cordifolia (D. Legrand) Legr.
22105287,Neomitranthes gemballae (D. Legrand) D. Legrand
22105290,Neomitranthes glomerata (D. Legrand) D. Legrand
22105994,Neomitranthes gracilis (Burret) N. Silveira
100229036,Neomitranthes langsdorffii (O. Berg) Mattos
22105996,Neomitranthes obscura (DC.) N. Silveira
50214895,Neomitranthes obtusa Sobral & Zambom
22106000,Neomitranthes pedicellata (Burret) Mattos
100439270,Neomitranthes pereireana M.C. Souza & Sobral
100439269,Neomitranthes regeliana (O. Berg) M.C. Souza
22105986,Neomitranthes riedeliana (O. Berg) Mattos
100439268,Neomitranthes stictophylla (G.M. Barroso & Peixoto) M.C. Souza
22105993,Neomitranthes warmingiana (Kiaersk.) Mattos
40037996,Neomitranthes D. Legrand
22103891,Pimenta adenoclada (Urb.) Burret
100476271,Pimenta berciliae T.N.C. Vasconc. & Peguero
22103895,Pimenta cainitoides (Urb.) Burret
22101787,Pimenta dioica (L.) Merr.
22103910,Pimenta ferruginea (Griseb.) Burret
22103915,Pimenta filipes (Urb.) Burret
22102957,Pimenta guatemalensis (Lundell) Lundell
22103262,Pimenta haitiensis (Urb.) Landrum
22103921,Pimenta jamaicensis (Britton & Harris) Proctor
22103922,Pimenta obscura Proctor
22103924,Pimenta odiolens (Urb.) Burret
22103929,Pimenta oligantha (Urb.) Burret
22103935,Pimenta podocarpoides (Areces) Landrum
22103938,Pimenta pseudocaryophyllus (Gomes) Landrum
22101788,Pimenta racemosa (Mill.) J.W. Moore
22103993,Pimenta richardii Proctor
100478514,Pimenta samanensis (Alain) Peguero
100478515,Pimenta yumana (Alain) Peguero
40008985,Pimenta Lindl.
22102637,Plinia acunae Borhidi & O. Muñiz
100407646,Plinia ambivalens M.C. Souza & Sobral
22107290,Plinia anonyma Sobral
100369045,Plinia arenicola Urquiola & Acosta R, Zenia
22102638,Plinia baracoensis Borhidi
22107259,Plinia callosa Sobral
22102491,Plinia caricensis Urb.
22102559,Plinia cauliflora (DC.) Kausel
50233932,Plinia cerrocampanensis Barrie
22102492,Plinia cidrensis Urb.
22102008,Plinia clausa McVaugh
50233933,Plinia coclensis Barrie
100245098,Plinia complanata M.L. Kawas. & B. Holst
50315763,Plinia cordifolia (D. Legrand) Sobral
100245099,Plinia coronata (Mattos) Mattos
22102534,Plinia costata Amshoff
50233935,Plinia cuspidata Gómez-Laur. & Valverde
50233941,Plinia darienensis Barrie
100438932,Plinia delicata Antunes, Salimena & Sobral
22102493,Plinia dermatodes Urb.
22102009,Plinia duplipilosa McVaugh
100245100,Plinia edulis (Vell.) Sobral
22102494,Plinia ekmaniana Urb.
100438931,Plinia espinhacensis Sobral
50233944,Plinia gentryi Barrie
100245101,Plinia grandifolia (Mattos) Sobral
50233947,Plinia guanacastensis Barrie
50307373,Plinia hatschbachii (Mattos) Sobral
100445545,Plinia humaitana M.A.D. Souza & Sobral
22102497,Plinia icardiana Urb.
100245102,Plinia ilhensis G.M. Barroso
22102010,Plinia inflata McVaugh
22102583,Plinia involucrata (O. Berg) McVaugh
100445361,Plinia longa Sobral & M.C. Souza
100001415,Plinia longiacuminata Sobral
100245104,Plinia marqueteana G.M. Barroso
50307374,Plinia martinellii G.M. Barroso & M.Peron
22102498,Plinia microcycla Urb.
22102639,Plinia moaensis Borhidi
50233950,Plinia moralesii Barrie
100245105,Plinia muricata Sobral
100245106,Plinia nana Sobral
50233954,Plinia nicaraguensis Barrie
100245107,Plinia oblongata (Mattos) Mattos
22102499,Plinia orthoclada Urb.
50233955,Plinia panamensis Barrie
22102576,Plinia peroblata (Lundell) Lundell
100245109,Plinia peruviana (Poir.) Govaerts
100245110,Plinia phitrantha (Kiaersk.) Sobral
22102011,Plinia pinnata L.
22103048,Plinia povedae P.E. Sánchez
100438930,Plinia pseudodichasiantha (Kiaersk.) G.M. Barroso ex Sobral
22102485,Plinia punctata Urb.
22103050,Plinia puriscalensis P.E. Sánchez & Q. Jiménez
22102500,Plinia ramosissima Urb.
100245111,Plinia rara Sobral
22102501,Plinia recurvata Urb.
22107260,Plinia renatiana G.M. Barroso & Peixoto
22102647,Plinia rivularis (Cambess.) Rotman
100245112,Plinia rogersiana Mattos
22102503,Plinia rupestris Ekman & Urb.
50233979,Plinia salamancana (Standl.) Barrie
22102577,Plinia salticola McVaugh
100245113,Plinia sebastianopolitana G.M. Barroso
50307375,Plinia spiciflora (Nees & Mart.) Sobral
100245114,Plinia spiritosantensis (Mattos) Mattos
22102487,Plinia stenophylla Urb.
100001416,Plinia subavenia Sobral
100474530,Plinia tapuruquarana M.A.D. Souza & Sobral
22102504,Plinia toscanosia Urb.
22102563,Plinia trunciflora (O. Berg) Kausel
100446402,Plinia valenciana M.L. Kawas. & Á.J. Pérez
100381621,Plinia yasuniana M.L. Kawas. & Á.J. Pérez
40012048,Plinia L.
22101790,Pseudanamomis umbellulifera (Kunth) Kausel
40017050,Pseudanamomis Kausel
22101506,Psidiopsis moritziana O. Berg
100444646,Psidium acidum (DC.) Landrum
22106932,Psidium acranthum Urb.
22105002,Psidium acunae Borhidi
22101508,Psidium acutangulum DC.
22103881,Psidium acutangulum var. acidum DC.
22106940,Psidium albescens Urb.
22101791,Psidium amplexicaule Pers.
22106944,Psidium anthomega Vell.
22106946,Psidium apiculatum Mattos
22101512,Psidium appendiculatum Kiaersk.
100000195,Psidium araucanum Soares-Silva & Proença
22102025,Psidium arayan (Kunth) Burret
22106951,Psidium arboreum Vell.
22101517,Psidium australe Cambess.
50327634,Psidium bahianum Landrum & Funch
22104476,Psidium balium Urb.
22105509,Psidium basanthum O. Berg
22105511,Psidium bergianum (Nied.) Burret
22107195,Psidium brevifolium Alain
22104504,Psidium brownianum DC.
100247592,Psidium calyptranthoides Alain
22106133,Psidium canum Mattos
22101792,Psidium cattleyanum Sabine
22102026,Psidium caudatum McVaugh
50303444,Psidium cauliflorum Landrum & Sobral
22104495,Psidium celastroides Urb.
22102962,Psidium chiapasense Lundell
22101522,Psidium cinereum Mart. ex DC.
22104472,Psidium claraense Urb.
22104486,Psidium cymosum Urb.
22101530,Psidium decussatum DC.
22102028,Psidium densicomum Mart. ex DC.
22106983,Psidium dictyophyllum Urb. & Ekman
22106984,Psidium donianum O. Berg
22101532,Psidium dubium Kunth
22107196,Psidium dumetorum Proctor
22105207,Psidium eugenii Kiaersk.
22101534,Psidium firmum O. Berg
22102111,Psidium friedrichsthalianum (O. Berg) Nied.
22102029,Psidium fulvum McVaugh
22105643,Psidium galapageium Hook. f.
50327635,Psidium ganevii Landrum & Funch
22104099,Psidium giganteum Mattos
22101538,Psidium glaziovianum Kiaersk.
22101539,Psidium grandifolium DC.
100474545,Psidium grazielae Tuler & M.C. Souza
22101794,Psidium guajava L.
100444645,Psidium guayaquilense Landrum & Cornejo
22102032,Psidium guineense Sw.
22103307,Psidium guyanense Pers.
22105394,Psidium haitiense Alain
22107083,Psidium harrisianum Urb.
22101540,Psidium hians DC.
22107011,Psidium hotteanum Urb. & Ekman
22107012,Psidium humile Vell.
22105513,Psidium inaequilaterum O. Berg
22107018,Psidium itanareense O. Berg
100247613,Psidium jakuscianum Borhidi
22103008,Psidium kennedyanum Morong
22107023,Psidium langsdorffii O. Berg
22101546,Psidium laruotteanum Cambess.
22102839,Psidium lineatifolium (Ruiz & Pav.) Pers.
22105313,Psidium longipetiolatum D. Legrand
22104742,Psidium lourteigiae D. Legrand
22107029,Psidium loustalotii Britton & P. Wilson
22102035,Psidium maribense DC.
22104452,Psidium minutiflorum Amshoff
22104467,Psidium minutifolium Krug & Urb.
22105198,Psidium missionum D. Legrand
22104502,Psidium montanum Sw.
22105007,Psidium munizianum Borhidi
22101556,Psidium myrsinites Mart. ex DC.
22101558,Psidium myrtoides O. Berg
22107200,Psidium nannophyllum Alain
22104465,Psidium navasense Britton & P. Wilson
22104494,Psidium nummularia (C. Wright ex Griseb.) Sauv.
22101559,Psidium nutans O. Berg
22107047,Psidium oblongatum O. Berg
22107049,Psidium oblongifolium O. Berg
100401660,Psidium occidentale Landrum & Parra-Os.
22101562,Psidium oligospermum DC.
22107054,Psidium oncocalyx Burret
22101563,Psidium ooideum O. Berg
22104484,Psidium orbifolium Urb.
22105883,Psidium ovale (Spreng.) Burret
22104473,Psidium parvifolium Griseb.
22101569,Psidium pedicellatum McVaugh
50251619,Psidium pigmeum Arruda
22103278,Psidium raimondii Burret
100247628,Psidium ramboanum (Mattos & D. Legrand) Mattos
100438856,Psidium ratterianum Proença & Soares-Silva
22107081,Psidium refractum O. Berg
100247629,Psidium reptans (D. Legrand) Soares-Silva & Proença
22104466,Psidium reversum Urb.
22101575,Psidium rhombeum O. Berg
22101577,Psidium riparium Mart. ex DC.
22101578,Psidium robustum O. Berg
22101579,Psidium rostratum McVaugh
22104485,Psidium rotundatum Griseb.
100450436,Psidium rotundidiscum Proença & Tuler
22101582,Psidium rufum DC.
22102037,Psidium rutidocarpum Ruiz & Pav.
22101584,Psidium salutare (Kunth) O. Berg
22102112,Psidium sartorianum (O. Berg) Nied.
22101586,Psidium schenckianum Kiaersk.
22104488,Psidium scopulorum Ekman & Urb.
22107202,Psidium sessilifolium Alain
22101796,Psidium sintenisii (Kiaersk.) Alain
100438098,Psidium sobralianum Landrum & Proença
22107099,Psidium socorrense I.M. Johnst.
22105520,Psidium sorocabense O. Berg
22101590,Psidium speciosum Diels
22101592,Psidium striatulum DC.
22106157,Psidium subrostrifolium Mattos
22101594,Psidium suffruticosum O. Berg
22104477,Psidium tenuirame Urb.
22107107,Psidium trilobum Urb. & Ekman
100247635,Psidium ubatubense Mattos
22104469,Psidium versicolor Urb.
40018772,Psidium L.
100438610,Siphoneugena crassifolia (DC.) Proença & Sobral
100000557,Siphoneugena delicata Sobral & Proença
22101798,Siphoneugena densiflora O. Berg
22103279,Siphoneugena dussii (Krug & Urb.) Proença
100362849,Siphoneugena glabrata Loza & P. Jørg.
22107266,Siphoneugena guilfoyleiana Proença
22107186,Siphoneugena kiaerskoviana (Burret) Kausel
50306222,Siphoneugena kuhlmannii Mattos
100000540,Siphoneugena minima Loza & A. Fuentes
22107123,Siphoneugena occidentalis D. Legrand
22105389,Siphoneugena reitzii D. Legrand
40000864,Siphoneugena O. Berg
22101939,Stenocalyx patrisii (Vahl) O. Berg
40005309,Stenocalyx O. Berg
22102248,Tepualia stipularis (Hook. & Arn.) Griseb.
40011170,Tepualia Griseb.
22102249,Ugni candollei (Barnéoud) O. Berg
22100007,Ugni molinae Turcz.
22102041,Ugni myricoides (Kunth) O. Berg
22100008,Ugni selkirkii (Hook. & Arn.) O. Berg
40021334,Ugni Turcz.
50200950,Mosiera × miraflorensis Borhidi
42000198,Myrtaceae Juss.
